time,open,high,low,close,Bullish,Bullish+,Bearish,Bearish+,Bullish Exit,Bearish Exit,Trend Strength,Take Profit,Stop Loss,Bar Color Value,Trend Tracer,Trend Catcher,Smart Trail,Smart Trail Extremity,RZ R3 Band,RZ R2 Band,RZ R1 Band,RZ S1 Band,RZ S2 Band,RZ S3 Band,Neo Lead,Neo Lag,Custom Alert Condition Highlighter
2023-06-02,5.267817241114292,6.05,5.267817241114292,5.7825,0,0,0,0,NaN,NaN,35.467701582125436,NaN,NaN,NaN,6.290675594149352,5.218888983260653,NaN,NaN,NaN,NaN,NaN,NaN,NaN,NaN,NaN,NaN,1
2023-06-05,5.525158620557146,6.19,5.525158620557146,5.968500000000001,0,0,0,0,NaN,NaN,28.07508304426242,NaN,NaN,NaN,6.290675594149352,5.489173957780277,NaN,NaN,NaN,NaN,NaN,NaN,NaN,NaN,NaN,NaN,1
2023-06-06,5.7468293102785735,6.2881,5.7468293102785735,6.014525,0,0,0,0,NaN,NaN,21.11981326074632,NaN,NaN,NaN,6.290675594149352,5.662888020446194,NaN,NaN,NaN,NaN,NaN,NaN,NaN,NaN,NaN,NaN,1
2023-06-07,5.880677155139287,6.33,5.64,5.97,0,0,0,0,NaN,NaN,14.911385457724927,NaN,NaN,NaN,6.290675594149352,5.662888020446194,NaN,NaN,NaN,NaN,NaN,NaN,NaN,NaN,NaN,NaN,1
2023-06-08,5.925338577569644,5.925338577569644,4.855,5.50875,0,0,0,0,NaN,NaN,10.34708405899351,NaN,NaN,NaN,6.290675594149352,5.662888020446194,NaN,NaN,NaN,NaN,NaN,NaN,NaN,NaN,NaN,NaN,1
2023-06-09,5.717044288784821,5.82,5.13,5.4624999999999995,0,0,0,0,NaN,NaN,6.30644701478416,NaN,NaN,NaN,6.290675594149352,5.662888020446194,NaN,NaN,NaN,NaN,NaN,NaN,NaN,NaN,NaN,NaN,1
2023-06-12,5.589772144392411,5.589772144392411,4.99,5.13,0,0,0,0,NaN,NaN,3.1963861433986613,NaN,NaN,NaN,6.290675594149352,5.426315875,NaN,NaN,NaN,NaN,NaN,NaN,NaN,NaN,NaN,NaN,1
2023-06-13,5.359886072196206,5.359886072196206,4.73,4.95125,0,0,0,0,NaN,NaN,1.1878397125504754,NaN,NaN,NaN,6.290675594149352,5.32537014875,NaN,NaN,NaN,NaN,NaN,NaN,NaN,NaN,NaN,NaN,1
2023-06-14,5.155568036098103,5.155568036098103,4.43,4.665,0,0,0,0,NaN,NaN,0.22812897920774944,NaN,NaN,NaN,6.290675594149352,5.151210439824999,NaN,NaN,NaN,NaN,NaN,NaN,NaN,NaN,NaN,NaN,1
2023-06-15,4.910284018049051,4.910284018049051,4.47,4.62125,0,0,0,0,NaN,NaN,0.053352390346848605,NaN,NaN,NaN,6.290675594149352,5.083607750240749,NaN,NaN,NaN,NaN,NaN,NaN,NaN,NaN,NaN,NaN,1
2023-06-16,4.765767009024525,5.09,4.65,4.865,0,0,0,0,NaN,NaN,1.0312912928733902,NaN,NaN,NaN,6.290675594149352,5.083607750240749,NaN,NaN,NaN,NaN,NaN,NaN,NaN,NaN,NaN,NaN,1
2023-06-20,4.815383504512263,5.05,4.25,4.640000000000001,0,0,0,0,NaN,NaN,2.9108955688276055,NaN,NaN,NaN,6.290675594149352,5.083607750240749,NaN,NaN,NaN,NaN,NaN,NaN,NaN,NaN,NaN,NaN,1
2023-06-21,4.727691752256131,4.895,4.18,4.56375,0,0,0,0,NaN,NaN,5.658102589969624,NaN,NaN,NaN,6.290675594149352,4.99592482021186,NaN,NaN,NaN,NaN,NaN,NaN,NaN,NaN,NaN,NaN,1
2023-06-22,4.645720876128065,5.63,4.5,5.07,0,0,0,0,NaN,NaN,9.970996992081819,NaN,NaN,NaN,6.290675594149352,4.99592482021186,NaN,NaN,NaN,NaN,NaN,NaN,NaN,NaN,NaN,NaN,1
2023-06-23,4.857860438064033,5.84,4.857860438064033,5.4725,0,0,0,0,NaN,NaN,15.837016007110517,NaN,NaN,NaN,6.290675594149352,5.08628125,NaN,NaN,NaN,NaN,NaN,NaN,NaN,NaN,NaN,NaN,1
2023-06-26,5.165180219032017,6.015,5.1401,5.468775,0,0,0,0,NaN,NaN,22.59672471650653,NaN,NaN,NaN,6.290675594149352,5.08628125,NaN,NaN,NaN,NaN,NaN,NaN,NaN,NaN,NaN,NaN,1
2023-06-27,5.316977609516009,5.73,5.1,5.3999999999999995,0,0,0,0,NaN,NaN,31.144586304516086,NaN,NaN,NaN,6.290675594149352,5.08628125,NaN,NaN,NaN,NaN,NaN,NaN,NaN,NaN,NaN,NaN,1
2023-06-28,5.358488804758004,6,5.358488804758004,5.755,0,0,0,0,NaN,NaN,39.053154886848574,NaN,NaN,NaN,6.290675594149352,5.2433553125,NaN,NaN,NaN,NaN,NaN,NaN,NaN,NaN,NaN,NaN,1
2023-06-29,5.556744402379001,6.33,5.556744402379001,6.03875,0,0,0,0,NaN,NaN,46.244200181324736,NaN,NaN,NaN,6.290675594149352,5.42444149375,NaN,NaN,NaN,NaN,NaN,NaN,NaN,NaN,NaN,NaN,1
2023-06-30,5.797747201189501,6.4,5.797747201189501,6.13,0,0,0,0,NaN,NaN,50.09391335963337,NaN,NaN,NaN,6.290675594149352,5.5294605093125,NaN,NaN,NaN,NaN,NaN,NaN,NaN,NaN,NaN,NaN,1
2023-07-03,5.96387360059475,6.29,5.82,6.0475,0,0,0,0,NaN,NaN,52.99721305305775,NaN,NaN,NaN,6.290675594149352,5.5294605093125,NaN,NaN,NaN,NaN,NaN,NaN,NaN,NaN,NaN,NaN,1
2023-07-05,6.005686800297376,6.4399,6.005686800297376,6.21245,0,0,0,0,NaN,NaN,56.39063025689486,NaN,NaN,NaN,6.290675594149352,5.647697248195,NaN,NaN,NaN,NaN,NaN,NaN,NaN,NaN,NaN,NaN,1
2023-07-06,6.109068400148688,6.16,5.84,6.05,0,0,0,0,NaN,NaN,59.274392795218134,NaN,NaN,NaN,6.290675594149352,5.647697248195,NaN,NaN,NaN,NaN,NaN,NaN,NaN,NaN,NaN,NaN,1
2023-07-07,6.0795342000743435,6.2791,5.93,6.064775,0,0,0,0,NaN,NaN,61.283517420429845,NaN,NaN,NaN,6.290675594149352,5.647697248195,NaN,NaN,NaN,NaN,NaN,NaN,NaN,NaN,NaN,NaN,1
2023-07-10,6.072154600037171,7.1,6.04,6.51,0,0,0,0,NaN,NaN,62.93902007899157,NaN,NaN,NaN,6.290675594149352,5.90350141096575,NaN,NaN,NaN,NaN,NaN,NaN,NaN,NaN,NaN,NaN,1
2023-07-11,6.291077300018586,7.05,6.291077300018586,6.83,1,0,0,0,NaN,NaN,64.45121789697625,NaN,NaN,NaN,6.290675594149352,6.201471156991915,NaN,NaN,NaN,NaN,NaN,NaN,NaN,NaN,NaN,NaN,1
2023-07-12,6.560538650009293,7.2,6.560538650009293,6.92375,0,0,0,0,NaN,NaN,65.7394884018776,NaN,NaN,NaN,6.290675594149352,6.390180964023614,NaN,NaN,NaN,NaN,NaN,NaN,NaN,NaN,NaN,NaN,1
2023-07-13,6.742144325004647,7.13,6.735,6.89625,0,0,0,0,NaN,NaN,66.88860036184268,NaN,NaN,NaN,6.290675594149352,6.390180964023614,NaN,NaN,NaN,NaN,NaN,NaN,NaN,NaN,NaN,NaN,1
2023-07-14,6.8191971625023236,6.98,6.21,6.5912500000000005,0,0,0,0,NaN,NaN,67.8300584780379,NaN,NaN,NaN,6.290675594149352,6.390180964023614,NaN,NaN,NaN,NaN,NaN,NaN,NaN,NaN,NaN,NaN,1
2023-07-17,6.705223581251162,6.705223581251162,6.06,6.352499999999999,0,0,0,0,NaN,NaN,69.33743228162253,NaN,NaN,NaN,6.290675594149352,6.390180964023614,NaN,NaN,NaN,NaN,NaN,NaN,NaN,NaN,NaN,NaN,1
2023-07-18,6.52886179062558,6.9101,6.45,6.692525,0,0,0,0,NaN,NaN,71.59749891559062,NaN,NaN,NaN,6.290675594149352,6.390180964023614,NaN,NaN,NaN,NaN,NaN,NaN,NaN,NaN,NaN,NaN,1
2023-07-19,6.61069339531279,8.5699,6.61069339531279,7.5074749999999995,0,0,0,0,NaN,NaN,73.37550851943374,NaN,NaN,NaN,6.290675594149352,6.880147032657947,NaN,NaN,NaN,NaN,NaN,NaN,NaN,NaN,NaN,NaN,1
2023-07-20,7.059084197656395,7.4,6.86,7.115,0,0,0,0,NaN,NaN,74.86465736652156,NaN,NaN,NaN,6.290675594149352,6.880147032657947,NaN,NaN,NaN,NaN,NaN,NaN,NaN,NaN,NaN,NaN,1
2023-07-21,7.0870420988281975,7.23,6.52,6.895,0,0,0,0,NaN,NaN,76.20254960165157,NaN,NaN,NaN,6.290675594149352,6.880147032657947,NaN,NaN,NaN,NaN,NaN,NaN,NaN,NaN,NaN,NaN,1
2023-07-24,6.9910210494140985,6.9910210494140985,6.3816,6.6604,0,0,0,0,NaN,NaN,77.45598617542697,NaN,NaN,NaN,6.290675594149352,6.880147032657947,NaN,NaN,NaN,NaN,NaN,NaN,NaN,NaN,NaN,NaN,1
2023-07-25,6.825710524707049,7.11,6.35,6.7212499999999995,0,0,0,0,NaN,NaN,78.75381961782814,NaN,NaN,NaN,6.290675594149352,6.880147032657947,NaN,NaN,NaN,NaN,NaN,NaN,NaN,NaN,NaN,NaN,1
2023-07-26,6.773480262353525,7.99,6.773480262353525,7.4075,0,0,0,0,NaN,NaN,80.04596545573438,NaN,NaN,NaN,6.290675594149352,6.880147032657947,NaN,NaN,NaN,NaN,NaN,NaN,NaN,NaN,NaN,NaN,1
2023-07-27,7.090490131176763,8.5,7.090490131176763,7.9125000000000005,0,0,0,0,NaN,NaN,80.98527431565543,NaN,NaN,NaN,6.290675594149352,7.306716458840301,NaN,NaN,NaN,NaN,NaN,NaN,NaN,NaN,NaN,NaN,1
2023-07-28,7.501495065588381,8.267,7.501495065588381,7.958,0,0,0,0,NaN,NaN,81.88184961651686,NaN,NaN,NaN,6.290675594149352,7.518026521188211,NaN,NaN,NaN,NaN,NaN,NaN,NaN,NaN,NaN,NaN,1
2023-07-31,7.729747532794191,8.4392,7.24,7.927300000000001,0,0,0,0,NaN,NaN,83.09603459498116,NaN,NaN,NaN,6.290675594149352,7.518026521188211,NaN,NaN,NaN,NaN,NaN,NaN,NaN,NaN,NaN,NaN,1
2023-08-01,7.828523766397096,7.9,7.2501,7.685025,0,0,0,0,NaN,NaN,84.5231617843106,NaN,NaN,NaN,6.290675594149352,7.518026521188211,NaN,NaN,NaN,NaN,NaN,NaN,NaN,NaN,NaN,NaN,1
2023-08-02,7.7567743831985485,7.7567743831985485,7.262,7.427975,0,0,0,0,NaN,NaN,85.6769173336164,NaN,NaN,NaN,6.290675594149352,7.518026521188211,NaN,NaN,NaN,NaN,NaN,NaN,NaN,NaN,NaN,NaN,1
2023-08-03,7.592374691599274,8.01,7.1,7.56,0,0,0,0,NaN,NaN,86.76743634359075,NaN,NaN,NaN,6.290675594149352,7.518026521188211,NaN,NaN,NaN,NaN,NaN,NaN,NaN,NaN,NaN,NaN,1
2023-08-04,7.576187345799637,8.16,7.576187345799637,7.869925,0,0,0,0,NaN,NaN,87.68126023495543,NaN,NaN,NaN,6.290675594149352,7.518026521188211,NaN,NaN,NaN,NaN,NaN,NaN,NaN,NaN,NaN,NaN,1
2023-08-07,7.723056172899819,8.17,7.38,7.865,0,0,0,0,NaN,NaN,88.41698705286205,NaN,NaN,NaN,6.290675594149352,7.518026521188211,NaN,NaN,NaN,NaN,NaN,NaN,NaN,NaN,NaN,NaN,1
2023-08-08,7.794028086449909,8.3299,7.6,8.022475,0,0,0,0,NaN,NaN,88.9595744188906,NaN,NaN,NaN,6.290675594149352,7.706093644196101,NaN,NaN,NaN,NaN,NaN,NaN,NaN,NaN,NaN,NaN,1
2023-08-09,7.908251543224955,8.68,7.908251543224955,8.22,0,0,0,0,NaN,NaN,89.44522237419461,NaN,NaN,NaN,6.290675594149352,7.954307932285506,NaN,NaN,NaN,NaN,NaN,NaN,NaN,NaN,NaN,NaN,1
2023-08-10,8.064125771612478,8.4792,7.01,7.816049999999999,0,0,0,0,NaN,NaN,89.8443714133,NaN,NaN,NaN,6.290675594149352,7.954307932285506,NaN,NaN,NaN,NaN,NaN,NaN,NaN,NaN,NaN,NaN,1
2023-08-11,7.940087885806238,9.67,7.62,8.6,0,0,0,0,NaN,NaN,90.19188477093711,NaN,NaN,NaN,6.290675594149352,8.322027838694158,NaN,NaN,NaN,NaN,NaN,NaN,NaN,NaN,NaN,NaN,1
2023-08-14,8.270043942903119,10.5,8.270043942903119,9.76,0,0,0,0,NaN,NaN,89.62801318762878,NaN,NaN,NaN,6.290675594149352,9.262376146442612,NaN,NaN,NaN,NaN,NaN,NaN,NaN,NaN,NaN,NaN,1
2023-08-15,9.01502197145156,10.65,9.01502197145156,10.0998,0,0,0,0,NaN,NaN,88.87340387240768,NaN,NaN,NaN,6.290675594149352,9.732661880543436,NaN,NaN,NaN,NaN,NaN,NaN,NaN,NaN,NaN,NaN,1
2023-08-16,9.557410985725781,11.55,9.557410985725781,10.877500000000001,0,0,0,0,NaN,NaN,87.42515548944007,NaN,NaN,NaN,6.822088816856788,10.484386177882588,NaN,NaN,NaN,NaN,NaN,NaN,NaN,NaN,NaN,NaN,1
2023-08-17,10.217455492862891,12.61,10.217455492862891,11.625,0,0,0,0,NaN,NaN,85.42835798619157,NaN,NaN,NaN,9.77577238134261,11.249236727162469,NaN,NaN,NaN,NaN,NaN,NaN,NaN,NaN,NaN,NaN,1
2023-08-18,10.921227746431445,11.59,10.73,11.2775,0,0,0,0,NaN,NaN,84.62876568635409,NaN,NaN,NaN,9.77577238134261,11.249236727162469,NaN,NaN,NaN,NaN,NaN,NaN,NaN,NaN,NaN,NaN,1
2023-08-21,11.099363873215722,11.3864,10.31,10.8616,0,0,0,0,NaN,NaN,84.51704962379021,NaN,NaN,NaN,9.77577238134261,11.037182,NaN,NaN,NaN,NaN,NaN,NaN,NaN,NaN,NaN,NaN,1
2023-08-22,10.98048193660786,10.98048193660786,10.07,10.465,0,0,0,0,NaN,NaN,84.71153365422349,NaN,NaN,NaN,9.77577238134261,10.82766554,NaN,NaN,NaN,NaN,NaN,NaN,NaN,NaN,NaN,NaN,1
2023-08-23,10.722740968303931,11.78,10.365,11.105,0,0,0,0,NaN,NaN,84.9080011967247,NaN,NaN,NaN,9.77577238134261,10.82766554,NaN,NaN,NaN,NaN,NaN,NaN,NaN,NaN,NaN,NaN,1
2023-08-24,10.913870484151966,13.7799,10.913870484151966,12.866225,0,0,0,0,13.7799,NaN,83.504968386034,NaN,NaN,NaN,9.77577238134261,11.73764925,NaN,NaN,NaN,NaN,NaN,NaN,NaN,NaN,NaN,NaN,1
2023-08-25,11.890047742075982,13.35,11.890047742075982,12.64,0,0,0,0,NaN,NaN,82.75821646309667,NaN,NaN,NaN,9.77577238134261,11.73764925,NaN,NaN,NaN,NaN,NaN,NaN,NaN,NaN,NaN,NaN,1
2023-08-28,12.265023871037991,13.25,12.005,12.5775,0,0,0,0,NaN,NaN,82.31479210602134,NaN,NaN,NaN,9.77577238134261,11.73764925,NaN,NaN,NaN,NaN,NaN,NaN,NaN,NaN,NaN,NaN,1
2023-08-29,12.421261935518995,12.421261935518995,11.46,11.82875,0,0,0,0,NaN,NaN,82.28681132003302,NaN,NaN,NaN,9.77577238134261,11.73764925,NaN,NaN,NaN,NaN,NaN,NaN,NaN,NaN,NaN,NaN,1
2023-08-30,12.125005967759497,12.125005967759497,11.43,11.71,0,0,0,0,NaN,NaN,82.3654097151664,NaN,NaN,NaN,9.77577238134261,11.73764925,NaN,NaN,NaN,NaN,NaN,NaN,NaN,NaN,NaN,NaN,1
2023-08-31,11.91750298387975,12.51,11.38,11.99,0,0,0,0,NaN,NaN,82.65218590384308,NaN,NaN,NaN,9.77577238134261,11.73764925,NaN,NaN,NaN,NaN,NaN,NaN,NaN,NaN,NaN,NaN,1
2023-09-01,11.953751491939876,12.39,11.64,12.0475,0,0,0,0,NaN,NaN,83.0531743135174,NaN,NaN,NaN,9.77577238134261,11.73764925,NaN,NaN,NaN,NaN,NaN,NaN,NaN,NaN,NaN,NaN,1
2023-09-05,12.000625745969938,12.000625745969938,10.89,11.412500000000001,0,0,0,0,NaN,NaN,83.43019344070906,NaN,NaN,NaN,9.77577238134261,11.73764925,NaN,NaN,NaN,NaN,NaN,NaN,NaN,NaN,NaN,NaN,1
2023-09-06,11.70656287298497,11.70656287298497,10.76,11.075,0,0,0,0,NaN,NaN,83.76858882422358,NaN,NaN,NaN,9.77577238134261,11.73764925,NaN,NaN,NaN,NaN,NaN,NaN,NaN,NaN,NaN,NaN,1
2023-09-07,11.390781436492485,11.68,10.58,11.1675,0,0,0,0,NaN,NaN,83.99545698749453,NaN,NaN,NaN,9.77577238134261,11.73764925,NaN,NaN,NaN,NaN,NaN,NaN,NaN,NaN,NaN,NaN,1
2023-09-08,11.279140718246243,12.48,11.279140718246243,11.8225,0,0,0,0,NaN,NaN,84.58584638611522,NaN,NaN,NaN,9.77577238134261,11.73764925,NaN,NaN,NaN,NaN,NaN,NaN,NaN,NaN,NaN,NaN,1
2023-09-11,11.550820359123122,12.91,11.550820359123122,12.395025,0,0,0,0,NaN,NaN,85.40862346109718,NaN,NaN,NaN,9.77577238134261,11.73764925,NaN,NaN,NaN,NaN,NaN,NaN,NaN,NaN,NaN,NaN,1
2023-09-12,11.972922679561561,12.6199,11.51,12.039974999999998,0,0,0,0,NaN,NaN,86.26704319033107,NaN,NaN,NaN,9.77577238134261,11.73764925,NaN,NaN,NaN,NaN,NaN,NaN,NaN,NaN,NaN,NaN,1
2023-09-13,12.00644883978078,12.12,11.15,11.544999999999998,0,0,0,0,NaN,NaN,86.88530762570457,NaN,NaN,NaN,9.77577238134261,11.73764925,NaN,NaN,NaN,NaN,NaN,NaN,NaN,NaN,NaN,NaN,1
2023-09-14,11.77572441989039,12.328,11.31,11.7895,0,0,0,0,NaN,NaN,87.4782274938288,NaN,NaN,NaN,9.77577238134261,11.73764925,NaN,NaN,NaN,NaN,NaN,NaN,NaN,NaN,NaN,NaN,1
2023-09-15,11.782612209945196,12.9474,11.63,12.161850000000001,0,0,0,0,NaN,NaN,88.47638517692886,NaN,NaN,NaN,9.77577238134261,11.73764925,NaN,NaN,NaN,NaN,NaN,NaN,NaN,NaN,NaN,NaN,1
2023-09-18,11.972231104972598,13.23,11.82,12.497499999999999,0,0,0,0,NaN,NaN,89.62491168806973,NaN,NaN,NaN,9.77577238134261,11.73764925,NaN,NaN,NaN,NaN,NaN,NaN,NaN,NaN,NaN,NaN,1
2023-09-19,12.234865552486298,13.2,12.21,12.685,0,0,0,0,NaN,NaN,90.7577483742952,NaN,NaN,NaN,9.77577238134261,11.73764925,NaN,NaN,NaN,NaN,NaN,NaN,NaN,NaN,NaN,NaN,1
2023-09-20,12.45993277624315,12.9398,11.96,12.317450000000001,0,0,0,0,NaN,NaN,91.6652348196981,NaN,NaN,NaN,9.77577238134261,11.73764925,NaN,NaN,NaN,NaN,NaN,NaN,NaN,NaN,NaN,NaN,1
2023-09-21,12.388691388121575,12.388691388121575,11.18,11.535,0,0,0,0,NaN,NaN,91.73489592224314,NaN,NaN,NaN,9.77577238134261,11.73764925,NaN,NaN,NaN,NaN,NaN,NaN,NaN,NaN,NaN,NaN,1
2023-09-22,11.961845694060788,11.961845694060788,11.27,11.5575,0,0,0,0,NaN,NaN,91.680040455704,NaN,NaN,NaN,9.77577238134261,11.73764925,NaN,NaN,NaN,NaN,NaN,NaN,NaN,NaN,NaN,NaN,1
2023-09-25,11.759672847030394,12.42,11.36,11.947499999999998,0,0,0,0,NaN,NaN,91.5732882445648,NaN,NaN,NaN,9.77577238134261,11.73764925,NaN,NaN,NaN,NaN,NaN,NaN,NaN,NaN,NaN,NaN,1
2023-09-26,11.853586423515196,12.98,11.853586423515196,12.5275,0,0,0,0,NaN,NaN,91.57099357202652,NaN,NaN,NaN,9.77577238134261,11.73764925,NaN,NaN,NaN,NaN,NaN,NaN,NaN,NaN,NaN,NaN,1
2023-09-27,12.190543211757598,13.79,12.190543211757598,13.0275,0,0,0,0,NaN,NaN,91.56766908368125,NaN,NaN,NaN,9.77577238134261,11.854563147499999,NaN,NaN,NaN,NaN,NaN,NaN,NaN,NaN,NaN,NaN,1
2023-09-28,12.609021605878798,13.4799,12.609021605878798,13.078725000000002,0,0,0,0,NaN,NaN,91.51345576397401,NaN,NaN,NaN,9.77577238134261,11.952088608650001,NaN,NaN,NaN,NaN,NaN,NaN,NaN,NaN,NaN,NaN,1
2023-09-29,12.8438733029394,15.78,12.8438733029394,14.612499999999999,0,0,0,0,NaN,NaN,91.52420608233747,NaN,NaN,NaN,9.77577238134261,12.8893932588715,NaN,NaN,NaN,NaN,NaN,NaN,NaN,NaN,NaN,NaN,1
2023-10-02,13.728186651469699,16.25,13.728186651469699,15.627500000000001,0,0,0,0,NaN,NaN,91.21276207358387,NaN,NaN,NaN,13.456394567357854,13.664566067806922,NaN,NaN,NaN,NaN,NaN,NaN,NaN,NaN,NaN,NaN,1
2023-10-03,14.67784332573485,15.88,14.13,14.9825,0,0,0,0,NaN,NaN,91.17112550146764,NaN,NaN,NaN,13.456394567357854,13.664566067806922,NaN,NaN,NaN,NaN,NaN,NaN,NaN,NaN,NaN,NaN,1
2023-10-04,14.830171662867425,14.830171662867425,13.33,14.067499999999999,0,0,0,0,NaN,NaN,91.18765608791907,NaN,NaN,NaN,13.456394567357854,13.664566067806922,NaN,NaN,NaN,NaN,NaN,NaN,NaN,NaN,NaN,NaN,1
2023-10-05,14.448835831433712,14.9115,13.82,14.342875,0,0,0,0,NaN,NaN,91.29522099746274,NaN,NaN,NaN,13.456394567357854,13.664566067806922,NaN,NaN,NaN,NaN,NaN,NaN,NaN,NaN,NaN,NaN,1
2023-10-06,14.395855415716856,14.99,14.21,14.555,0,0,0,0,NaN,NaN,91.37970059103455,NaN,NaN,NaN,13.456394567357854,13.664566067806922,NaN,NaN,NaN,NaN,NaN,NaN,NaN,NaN,NaN,NaN,1
2023-10-09,14.475427707858428,15.33,14.1,14.7575,0,0,0,0,NaN,NaN,91.42850028914438,NaN,NaN,NaN,13.456394567357854,13.664566067806922,NaN,NaN,NaN,NaN,NaN,NaN,NaN,NaN,NaN,NaN,1
2023-10-10,14.616463853929215,15.18,9.73,12.49125,0,0,0,0,NaN,NaN,90.44120692046026,NaN,NaN,NaN,13.456394567357854,13.664566067806922,NaN,NaN,NaN,NaN,NaN,NaN,NaN,NaN,NaN,NaN,1
2023-10-11,13.553856926964608,13.553856926964608,9.4,9.9175,0,0,1,0,NaN,NaN,86.1749845333415,NaN,NaN,NaN,13.456394567357854,12.34425,NaN,NaN,NaN,NaN,NaN,NaN,NaN,NaN,NaN,NaN,1
2023-10-12,11.735678463482305,11.735678463482305,9.99,10.51,0,0,0,0,NaN,NaN,82.78248032923591,NaN,NaN,NaN,13.456394567357854,12.34425,NaN,NaN,NaN,NaN,NaN,NaN,NaN,NaN,NaN,NaN,1
2023-10-13,11.122839231741153,13.09,11.122839231741153,12.237499999999999,0,0,0,0,NaN,NaN,81.39452752005889,NaN,NaN,NaN,13.456394567357854,12.34425,NaN,NaN,NaN,NaN,NaN,NaN,NaN,NaN,NaN,NaN,1
2023-10-16,11.680169615870575,13.93,11.680169615870575,13.052499999999998,0,0,0,0,NaN,NaN,80.66359646192738,NaN,NaN,NaN,13.456394567357854,12.34425,NaN,NaN,NaN,NaN,NaN,NaN,NaN,NaN,NaN,NaN,1
2023-10-17,12.366334807935287,13.5,12.33,12.8825,0,0,0,0,NaN,NaN,79.65318115944902,NaN,NaN,NaN,13.456394567357854,12.34425,NaN,NaN,NaN,NaN,NaN,NaN,NaN,NaN,NaN,NaN,1
2023-10-18,12.624417403967644,13.15,11.94,12.725,0,0,0,0,NaN,NaN,78.41149066242996,NaN,NaN,NaN,13.456394567357854,12.34425,NaN,NaN,NaN,NaN,NaN,NaN,NaN,NaN,NaN,NaN,1
2023-10-19,12.674708701983821,13.3291,12.45,12.867275000000001,0,0,0,0,NaN,NaN,77.31549140697736,NaN,NaN,NaN,13.456394567357854,12.34425,NaN,NaN,NaN,NaN,NaN,NaN,NaN,NaN,NaN,NaN,1
2023-10-20,12.770991850991912,12.9797,12.05,12.597425000000001,0,0,0,0,NaN,NaN,75.96370533879497,NaN,NaN,NaN,13.456394567357854,12.34425,NaN,NaN,NaN,NaN,NaN,NaN,NaN,NaN,NaN,NaN,1
2023-10-23,12.684208425495957,12.89,11.46,12.030000000000001,0,0,0,0,NaN,NaN,73.89274616053432,NaN,NaN,NaN,13.456394567357854,12.34425,NaN,NaN,NaN,NaN,NaN,NaN,NaN,NaN,NaN,NaN,1
2023-10-24,12.357104212747979,12.357104212747979,11.44,11.78,0,0,0,0,NaN,NaN,71.37289142253411,NaN,NaN,NaN,13.456394567357854,12.34425,NaN,NaN,NaN,NaN,NaN,NaN,NaN,NaN,NaN,NaN,1
2023-10-25,12.06855210637399,12.06855210637399,11.152,11.4605,0,0,0,0,NaN,NaN,68.19615562916148,NaN,NaN,NaN,13.456394567357854,12.34425,NaN,NaN,NaN,NaN,NaN,NaN,NaN,NaN,NaN,NaN,1
2023-10-26,11.764526053186994,11.764526053186994,10.87,11.2625,0,0,0,0,NaN,NaN,64.5589305583925,NaN,NaN,NaN,13.456394567357854,12.34425,NaN,NaN,NaN,NaN,NaN,NaN,NaN,NaN,NaN,NaN,1
2023-10-27,11.513513026593497,12.31,11.513513026593497,11.899999999999999,0,0,0,0,NaN,NaN,61.801724893070755,NaN,NaN,NaN,13.456394567357854,12.34425,NaN,NaN,NaN,NaN,NaN,NaN,NaN,NaN,NaN,NaN,1
2023-10-30,11.706756513296748,12.7,11.706756513296748,12.1525,0,0,0,0,NaN,NaN,59.55365105743328,NaN,NaN,NaN,13.456394567357854,12.34425,NaN,NaN,NaN,NaN,NaN,NaN,NaN,NaN,NaN,NaN,1
2023-10-31,11.929628256648375,12.84,11.929628256648375,12.435,0,0,0,0,NaN,NaN,57.39306659728376,NaN,NaN,NaN,13.456394567357854,12.34425,NaN,NaN,NaN,NaN,NaN,NaN,NaN,NaN,NaN,NaN,1
2023-11-01,12.182314128324187,13.36,12.182314128324187,12.9725,0,0,0,0,NaN,NaN,55.68859488989417,NaN,NaN,NaN,13.456394567357854,12.34425,NaN,NaN,NaN,NaN,NaN,NaN,NaN,NaN,NaN,NaN,1
2023-11-02,12.577407064162093,13.96,12.577407064162093,13.5525,0,0,0,0,NaN,NaN,54.44335969017252,NaN,NaN,NaN,13.456394567357854,12.34425,NaN,NaN,NaN,NaN,NaN,NaN,NaN,NaN,NaN,NaN,1
2023-11-03,13.064953532081047,14.5,13.064953532081047,14.1225,0,0,0,0,NaN,NaN,53.62132181958381,NaN,NaN,NaN,13.456394567357854,12.34425,NaN,NaN,NaN,NaN,NaN,NaN,NaN,NaN,NaN,NaN,1
2023-11-06,13.593726766040524,14.96,13.593726766040524,14.67625,0,0,0,0,NaN,NaN,53.21064600537484,NaN,NaN,NaN,13.456394567357854,12.34425,NaN,NaN,NaN,NaN,NaN,NaN,NaN,NaN,NaN,NaN,1
2023-11-07,14.13498838302026,15.53,14.13498838302026,15,0,0,0,0,NaN,NaN,53.05530896155837,NaN,NaN,NaN,13.456394567357854,12.5349875,NaN,NaN,NaN,NaN,NaN,NaN,NaN,NaN,NaN,NaN,1
2023-11-08,14.56749419151013,15.08,13.72,14.450000000000001,0,0,0,0,NaN,NaN,52.47822901332356,NaN,NaN,NaN,13.456394567357854,12.5349875,NaN,NaN,NaN,NaN,NaN,NaN,NaN,NaN,NaN,NaN,1
2023-11-09,14.508747095755066,14.508747095755066,13.34,13.854999999999999,0,0,0,0,NaN,NaN,51.27207249215226,NaN,NaN,NaN,13.456394567357854,12.5349875,NaN,NaN,NaN,NaN,NaN,NaN,NaN,NaN,NaN,NaN,1
2023-11-10,14.181873547877533,14.181873547877533,8.08,9.166075,0,0,0,0,NaN,NaN,41.35414033806033,NaN,NaN,NaN,13.456394567357854,11.995528624999999,NaN,NaN,NaN,NaN,NaN,NaN,NaN,NaN,NaN,NaN,1
2023-11-13,11.673974273938766,11.673974273938766,8.52,9.1525,0,0,0,0,NaN,NaN,32.02317013533605,NaN,NaN,NaN,13.456394567357854,11.903653891249999,NaN,NaN,NaN,NaN,NaN,NaN,NaN,NaN,NaN,NaN,1
2023-11-14,10.413237136969382,10.413237136969382,9.18,9.6955,0,0,0,0,NaN,NaN,24.510416748159464,NaN,NaN,NaN,13.456394567357854,11.903653891249999,NaN,NaN,NaN,NaN,NaN,NaN,NaN,NaN,NaN,NaN,1
2023-11-15,10.05436856848469,10.46,9.57,9.9725,0,0,0,0,NaN,NaN,18.176546893472896,NaN,NaN,NaN,13.456394567357854,11.903653891249999,NaN,NaN,NaN,NaN,NaN,NaN,NaN,NaN,NaN,NaN,1
2023-11-16,10.013434284242345,10.013434284242345,9.02,9.5175,0,0,0,0,NaN,NaN,11.912779299779514,NaN,NaN,NaN,12.95804406952948,11.903653891249999,NaN,NaN,NaN,NaN,NaN,NaN,NaN,NaN,NaN,NaN,1
2023-11-17,9.765467142121173,9.765467142121173,9.22,9.473749999999999,0,0,0,0,NaN,NaN,6.760985247571481,NaN,NaN,NaN,11.530930941335027,11.903653891249999,NaN,NaN,NaN,NaN,NaN,NaN,NaN,NaN,NaN,NaN,1
2023-11-20,9.619608571060585,10.18,9.54,9.75,0,0,0,0,NaN,NaN,3.142269613306961,NaN,NaN,NaN,11.530930941335027,11.903653891249999,NaN,NaN,NaN,NaN,NaN,NaN,NaN,NaN,NaN,NaN,1
2023-11-21,9.684804285530292,10.53,9.684804285530292,10.157499999999999,0,0,0,0,NaN,NaN,0.8288181381629808,NaN,NaN,NaN,11.530930941335027,11.903653891249999,NaN,NaN,NaN,NaN,NaN,NaN,NaN,NaN,NaN,NaN,1
2023-11-22,9.921152142765145,10.51,9.921152142765145,10.1425,0,0,0,0,NaN,NaN,0.008098815258271826,NaN,NaN,NaN,11.530930941335027,11.903653891249999,NaN,NaN,NaN,NaN,NaN,NaN,NaN,NaN,NaN,NaN,1
2023-11-24,10.031826071382572,10.8,9.973,10.377,0,0,0,0,NaN,NaN,0.294551194416627,NaN,NaN,NaN,11.530930941335027,11.903653891249999,NaN,NaN,NaN,NaN,NaN,NaN,NaN,NaN,NaN,NaN,1
2023-11-27,10.204413035691285,10.78,10.204413035691285,10.61975,0,0,0,0,NaN,NaN,1.1937647578284007,NaN,NaN,NaN,11.530930941335027,11.903653891249999,NaN,NaN,NaN,NaN,NaN,NaN,NaN,NaN,NaN,NaN,1
2023-11-28,10.412081517845643,11.65,10.412081517845643,10.9925,0,0,0,0,NaN,NaN,2.1307388811972987,NaN,NaN,NaN,11.530930941335027,11.903653891249999,NaN,NaN,NaN,NaN,NaN,NaN,NaN,NaN,NaN,NaN,1
2023-11-29,10.702290758922821,11.2,10.702290758922821,10.998249999999999,0,0,0,0,NaN,NaN,2.891073684810531,NaN,NaN,NaN,11.530930941335027,11.903653891249999,NaN,NaN,NaN,NaN,NaN,NaN,NaN,NaN,NaN,NaN,1
2023-11-30,10.85027037946141,11.4015,10.83,11.152875,0,0,0,0,NaN,NaN,3.8918281561625716,NaN,NaN,NaN,11.530930941335027,11.903653891249999,NaN,NaN,NaN,NaN,NaN,NaN,NaN,NaN,NaN,NaN,1
2023-12-01,11.001572689730704,12.21,11.001572689730704,11.657499999999999,0,0,0,0,NaN,NaN,5.029380922406995,NaN,NaN,NaN,11.530930941335027,11.903653891249999,NaN,NaN,NaN,NaN,NaN,NaN,NaN,NaN,NaN,NaN,1
2023-12-04,11.329536344865351,12.37,11.329536344865351,11.9602,0,0,0,0,NaN,NaN,6.477740494771863,NaN,NaN,NaN,11.530930941335027,11.903653891249999,NaN,NaN,NaN,NaN,NaN,NaN,NaN,NaN,NaN,NaN,1
2023-12-05,11.644868172432677,12.31,11.644868172432677,12.01625,0,0,0,0,NaN,NaN,7.463394414612488,NaN,NaN,NaN,11.530930941335027,11.903653891249999,NaN,NaN,NaN,NaN,NaN,NaN,NaN,NaN,NaN,NaN,1
2023-12-06,11.830559086216338,12.18,11.51,11.842500000000001,0,0,0,0,NaN,NaN,7.073731128195561,NaN,NaN,NaN,11.530930941335027,11.903653891249999,NaN,NaN,NaN,NaN,NaN,NaN,NaN,NaN,NaN,NaN,1
2023-12-07,11.83652954310817,11.89,11.4438,11.6722,0,0,0,0,NaN,NaN,6.98758110684633,NaN,NaN,NaN,11.530930941335027,11.903653891249999,NaN,NaN,NaN,NaN,NaN,NaN,NaN,NaN,NaN,NaN,1
2023-12-08,11.754364771554085,11.754364771554085,11.22,11.405000000000001,0,0,0,0,NaN,NaN,7.143154572463477,NaN,NaN,NaN,11.530930941335027,11.903653891249999,NaN,NaN,NaN,NaN,NaN,NaN,NaN,NaN,NaN,NaN,1
2023-12-11,11.579682385777044,11.8,11.27,11.4925,0,0,0,0,NaN,NaN,7.863858835271434,NaN,NaN,NaN,11.530930941335027,11.903653891249999,NaN,NaN,NaN,NaN,NaN,NaN,NaN,NaN,NaN,NaN,1
2023-12-12,11.536091192888522,11.536091192888522,11.11,11.36875,0,0,0,0,NaN,NaN,8.83424878462018,NaN,NaN,NaN,11.530930941335027,11.903653891249999,NaN,NaN,NaN,NaN,NaN,NaN,NaN,NaN,NaN,NaN,1
2023-12-13,11.452420596444261,11.615,11.02,11.38625,0,0,0,0,NaN,NaN,9.54326596929988,NaN,NaN,NaN,11.530930941335027,11.903653891249999,NaN,NaN,NaN,NaN,NaN,NaN,NaN,NaN,NaN,NaN,1
2023-12-14,11.41933529822213,11.94,11.25,11.65,0,0,0,0,NaN,NaN,9.95443555820501,NaN,NaN,NaN,11.530930941335027,11.903653891249999,NaN,NaN,NaN,NaN,NaN,NaN,NaN,NaN,NaN,NaN,1
2023-12-15,11.534667649111064,11.72,11.2,11.5125,0,0,0,0,NaN,NaN,11.200578060110143,NaN,NaN,NaN,11.530930941335027,11.903653891249999,NaN,NaN,NaN,NaN,NaN,NaN,NaN,NaN,NaN,NaN,1
2023-12-18,11.523583824555532,11.523583824555532,10.965,11.178749999999999,0,0,0,0,NaN,NaN,13.30315237363571,NaN,NaN,NaN,11.530930941335027,11.903653891249999,NaN,NaN,NaN,NaN,NaN,NaN,NaN,NaN,NaN,NaN,1
2023-12-19,11.351166912277765,12.13,10.99,11.51,0,0,0,0,NaN,NaN,15.093263119145133,NaN,NaN,NaN,11.530930941335027,11.903653891249999,NaN,NaN,NaN,NaN,NaN,NaN,NaN,NaN,NaN,NaN,1
2023-12-20,11.430583456138883,12.25,11.430583456138883,11.9025,0,0,0,0,NaN,NaN,15.605031971052451,NaN,NaN,NaN,11.530930941335027,11.903653891249999,NaN,NaN,NaN,NaN,NaN,NaN,NaN,NaN,NaN,NaN,1
2023-12-21,11.666541728069442,12.74,11.666541728069442,12.248750000000001,0,0,0,0,NaN,NaN,14.965630474967956,NaN,NaN,NaN,11.530930941335027,11.903653891249999,NaN,NaN,NaN,NaN,NaN,NaN,NaN,NaN,NaN,NaN,1
2023-12-22,11.95764586403472,12.8512,11.95764586403472,12.4528,0,0,0,0,NaN,NaN,14.50794134981101,NaN,NaN,NaN,11.530930941335027,11.903653891249999,NaN,NaN,NaN,NaN,NaN,NaN,NaN,NaN,NaN,NaN,1
2023-12-26,12.20522293201736,12.48,11.9,12.2325,0,0,0,0,NaN,NaN,14.987428388798474,NaN,NaN,NaN,11.530930941335027,11.903653891249999,NaN,NaN,NaN,NaN,NaN,NaN,NaN,NaN,NaN,NaN,1
2023-12-27,12.21886146600868,12.595,12.21886146600868,12.43875,0,0,0,0,NaN,NaN,14.906632220752092,NaN,NaN,NaN,11.530930941335027,11.903653891249999,NaN,NaN,NaN,NaN,NaN,NaN,NaN,NaN,NaN,NaN,1
2023-12-28,12.32880573300434,13.19,12.1965,12.674125,0,0,0,0,NaN,NaN,14.078045810245923,NaN,NaN,NaN,11.530930941335027,11.903653891249999,NaN,NaN,NaN,NaN,NaN,NaN,NaN,NaN,NaN,NaN,1
2023-12-29,12.50146536650217,13.211,12.50146536650217,12.842775,0,0,0,0,NaN,NaN,12.70137032339829,NaN,NaN,NaN,11.530930941335027,11.903653891249999,NaN,NaN,NaN,NaN,NaN,NaN,NaN,NaN,NaN,NaN,1
2024-01-02,12.672120183251085,12.74,12.17,12.4175,0,0,0,0,NaN,NaN,11.704067976627115,NaN,NaN,NaN,11.530930941335027,11.903653891249999,NaN,NaN,NaN,NaN,NaN,NaN,NaN,NaN,NaN,NaN,1
2024-01-03,12.544810091625543,12.86,11.96,12.3875,0,0,0,0,NaN,NaN,11.14627666809808,NaN,NaN,NaN,11.530930941335027,11.903653891249999,NaN,NaN,NaN,NaN,NaN,NaN,NaN,NaN,NaN,NaN,1
2024-01-04,12.466155045812771,13.13,12.466155045812771,12.781274999999999,0,0,0,0,NaN,NaN,11.024774120013289,NaN,NaN,NaN,11.530930941335027,11.903653891249999,NaN,NaN,NaN,NaN,NaN,NaN,NaN,NaN,NaN,NaN,1
2024-01-05,12.623715022906385,13.64,12.36,13.017499999999998,0,0,0,0,NaN,NaN,10.648724929256117,NaN,NaN,NaN,11.530930941335027,11.903653891249999,NaN,NaN,NaN,NaN,NaN,NaN,NaN,NaN,NaN,NaN,1
2024-01-08,12.820607511453192,13.83,12.820607511453192,13.447700000000001,0,0,0,0,NaN,NaN,9.42934451324014,NaN,NaN,NaN,11.530930941335027,11.903653891249999,NaN,NaN,NaN,NaN,NaN,NaN,NaN,NaN,NaN,NaN,1
2024-01-09,13.134153755726597,13.9,13.134153755726597,13.6205,0,0,0,0,NaN,NaN,7.639204721729589,NaN,NaN,NaN,11.530930941335027,11.903653891249999,NaN,NaN,NaN,NaN,NaN,NaN,NaN,NaN,NaN,NaN,1
2024-01-10,13.377326877863299,13.56,12.891,13.28275,0,0,0,0,NaN,NaN,5.998231872543569,NaN,NaN,NaN,11.530930941335027,11.903653891249999,NaN,NaN,NaN,NaN,NaN,NaN,NaN,NaN,NaN,NaN,1
2024-01-11,13.330038438931648,13.330038438931648,12.6,12.9525,0,0,0,0,NaN,NaN,4.771014471688007,NaN,NaN,NaN,11.530930941335027,11.903653891249999,NaN,NaN,NaN,NaN,NaN,NaN,NaN,NaN,NaN,NaN,1
2024-01-12,13.141269219465824,14.17,13.1,13.5,0,0,0,0,NaN,NaN,2.5807623833015847,NaN,NaN,NaN,11.530930941335027,11.903653891249999,NaN,NaN,NaN,NaN,NaN,NaN,NaN,NaN,NaN,NaN,1
2024-01-16,13.320634609732913,13.35,12.01,12.69375,0,0,0,0,NaN,NaN,0.9904401111690785,NaN,NaN,NaN,11.530930941335027,11.903653891249999,NaN,NaN,NaN,NaN,NaN,NaN,NaN,NaN,NaN,NaN,1
2024-01-17,13.007192304866457,13.007192304866457,11.34,11.850000000000001,0,0,0,0,NaN,NaN,0.3264392433376725,NaN,NaN,NaN,11.530930941335027,11.903653891249999,NaN,NaN,NaN,NaN,NaN,NaN,NaN,NaN,NaN,NaN,1
2024-01-18,12.42859615243323,12.5,11.51,11.834999999999999,0,0,0,0,NaN,NaN,0.0724261468582601,NaN,NaN,NaN,11.530930941335027,11.903653891249999,NaN,NaN,NaN,NaN,NaN,NaN,NaN,NaN,NaN,NaN,1
2024-01-19,12.131798076216615,12.26,11.5,11.837499999999999,0,0,0,0,NaN,NaN,0.010597705065292498,NaN,NaN,NaN,11.530930941335027,11.903653891249999,NaN,NaN,NaN,NaN,NaN,NaN,NaN,NaN,NaN,NaN,1
2024-01-22,11.984649038108307,12.28,11.365,11.86625,0,0,0,0,NaN,NaN,0.30197150804455963,NaN,NaN,NaN,11.530930941335027,11.903653891249999,NaN,NaN,NaN,NaN,NaN,NaN,NaN,NaN,NaN,NaN,1
2024-01-23,11.925449519054155,12.05,11.47,11.6575,0,0,0,0,NaN,NaN,1.0806207609591527,NaN,NaN,NaN,11.530930941335027,11.903653891249999,NaN,NaN,NaN,NaN,NaN,NaN,NaN,NaN,NaN,NaN,1
2024-01-24,11.791474759527077,12.47,11.71,12.0225,0,0,0,0,NaN,NaN,1.3600770619539757,NaN,NaN,NaN,11.530930941335027,11.903653891249999,NaN,NaN,NaN,NaN,NaN,NaN,NaN,NaN,NaN,NaN,1
2024-01-25,11.906987379763539,13.16,11.906987379763539,12.55,0,0,0,0,NaN,NaN,0.8396937388937856,NaN,NaN,NaN,11.530930941335027,11.903653891249999,NaN,NaN,NaN,NaN,NaN,NaN,NaN,NaN,NaN,NaN,1
2024-01-26,12.22849368988177,13.65,12.22849368988177,13.3425,0,0,0,0,NaN,NaN,0.8072825256571277,NaN,NaN,NaN,11.530930941335027,11.903653891249999,NaN,NaN,NaN,NaN,NaN,NaN,NaN,NaN,NaN,NaN,1
2024-01-29,12.785496844940884,14.43,12.785496844940884,13.965,0,0,0,0,NaN,NaN,1.6766406252995902,NaN,NaN,NaN,11.530930941335027,11.903653891249999,NaN,NaN,NaN,NaN,NaN,NaN,NaN,NaN,NaN,NaN,1
2024-01-30,13.375248422470442,14.38,13.375248422470442,14.00125,0,0,0,0,NaN,NaN,3.373149622285384,NaN,NaN,NaN,11.530930941335027,11.903653891249999,NaN,NaN,NaN,NaN,NaN,NaN,NaN,NaN,NaN,NaN,1
2024-01-31,13.68824921123522,14.077,13.26,13.63675,0,0,0,0,NaN,NaN,5.165878478221299,NaN,NaN,NaN,11.530930941335027,11.903653891249999,NaN,NaN,NaN,NaN,NaN,NaN,NaN,NaN,NaN,NaN,1
2024-02-01,13.66249960561761,14.24,13.532,13.873,0,0,0,0,NaN,NaN,7.296727806023001,NaN,NaN,NaN,11.530930941335027,11.903653891249999,NaN,NaN,NaN,NaN,NaN,NaN,NaN,NaN,NaN,NaN,1
2024-02-02,13.767749802808805,14.28,13.725,14.0025,0,0,0,0,NaN,NaN,9.989356356068733,NaN,NaN,NaN,11.530930941335027,11.903653891249999,NaN,NaN,NaN,NaN,NaN,NaN,NaN,NaN,NaN,NaN,1
2024-02-05,13.885124901404403,14.55,13.53,14.057500000000001,0,0,0,0,NaN,NaN,12.658012309699634,NaN,NaN,NaN,11.530930941335027,11.903653891249999,NaN,NaN,NaN,NaN,NaN,NaN,NaN,NaN,NaN,NaN,1
2024-02-06,13.971312450702202,15.54,13.63,14.7225,0,0,0,0,NaN,NaN,15.26212552161855,NaN,NaN,NaN,11.530930941335027,12.1046,NaN,NaN,NaN,NaN,NaN,NaN,NaN,NaN,NaN,NaN,1
2024-02-07,14.346906225351102,16.11,14.346906225351102,15.7475,0,1,0,0,NaN,NaN,18.238619921017058,NaN,NaN,NaN,11.530930941335027,12.711012,NaN,NaN,NaN,NaN,NaN,NaN,NaN,NaN,NaN,NaN,1
2024-02-08,15.04720311267555,16.75,15.04720311267555,16.3375,0,0,0,0,NaN,NaN,21.028489098684943,NaN,NaN,NaN,11.983433216121998,13.205901279999999,NaN,NaN,NaN,NaN,NaN,NaN,NaN,NaN,NaN,NaN,1
2024-02-09,15.692351556337774,16.682,15.692351556337774,16.3143,0,0,0,0,NaN,NaN,23.46414909717362,NaN,NaN,NaN,14.368921847056951,13.205901279999999,NaN,NaN,NaN,NaN,NaN,NaN,NaN,NaN,NaN,NaN,1
2024-02-12,16.003325778168886,16.98,15.63,16.360000000000003,0,0,0,0,NaN,NaN,26.6324513577343,NaN,NaN,NaN,14.412536237821671,13.500007664800002,NaN,NaN,NaN,NaN,NaN,NaN,NaN,NaN,NaN,NaN,1
2024-02-13,16.181662889084443,16.65,15.79,16.2975,0,0,0,0,NaN,NaN,30.04472974384892,NaN,NaN,NaN,14.412536237821671,13.500007664800002,NaN,NaN,NaN,NaN,NaN,NaN,NaN,NaN,NaN,NaN,1
2024-02-14,16.23958144454222,17,16.23958144454222,16.618750000000002,0,0,0,0,NaN,NaN,33.92936330413938,NaN,NaN,NaN,14.435801333005298,13.988106745024,NaN,NaN,NaN,NaN,NaN,NaN,NaN,NaN,NaN,NaN,1
2024-02-15,16.42916572227111,18.18,16.42916572227111,17.5375,0,0,0,0,NaN,NaN,38.80297613714306,NaN,NaN,NaN,15.589712245801568,14.9109844832704,NaN,NaN,NaN,NaN,NaN,NaN,NaN,NaN,NaN,NaN,1
2024-02-16,16.98333286113556,18.345,16.98333286113556,17.97375,0,0,0,0,NaN,NaN,44.638023544964994,NaN,NaN,NaN,16.023786597107495,15.641144776281728,NaN,NaN,NaN,NaN,NaN,NaN,NaN,NaN,NaN,NaN,1
2024-02-20,17.47854143056778,18.12,17.47854143056778,17.95625,0,0,0,0,NaN,NaN,51.55545012024753,NaN,NaN,NaN,16.023786597107495,15.641144776281728,NaN,NaN,NaN,NaN,NaN,NaN,NaN,NaN,NaN,NaN,1
2024-02-21,17.717395715283892,18.11,17.495,17.81875,0,0,0,0,NaN,NaN,59.73967640861988,NaN,NaN,NaN,16.023786597107495,15.641144776281728,NaN,NaN,NaN,NaN,NaN,NaN,NaN,NaN,NaN,NaN,1
2024-02-22,17.768072857641947,18.37,17.58,17.965,0,0,0,0,NaN,NaN,68.78988539769814,NaN,NaN,NaN,16.023786597107495,15.641144776281728,NaN,NaN,NaN,NaN,NaN,NaN,NaN,NaN,NaN,NaN,1
2024-02-23,17.86653642882097,18.26,17.57,17.935,0,0,0,0,NaN,NaN,76.45707596218396,NaN,NaN,NaN,16.023786597107495,15.641144776281728,NaN,NaN,NaN,NaN,NaN,NaN,NaN,NaN,NaN,NaN,1
2024-02-26,17.900768214410483,18.8,17.57,18.18,0,0,0,0,NaN,NaN,82.55878879947886,NaN,NaN,NaN,16.023786597107495,16.255773123262564,NaN,NaN,NaN,NaN,NaN,NaN,NaN,NaN,NaN,NaN,1
2024-02-27,18.04038410720524,19,18.04038410720524,18.51125,0,0,0,0,NaN,NaN,82.4875452440311,NaN,NaN,NaN,16.023786597107495,16.92296257367955,NaN,NaN,NaN,NaN,NaN,NaN,NaN,NaN,NaN,NaN,1
2024-02-28,18.275817053602623,18.4,17.76,18.207500000000003,0,0,0,0,NaN,NaN,82.54535474691028,NaN,NaN,NaN,16.023786597107495,16.92296257367955,NaN,NaN,NaN,NaN,NaN,NaN,NaN,NaN,NaN,NaN,1
2024-02-29,18.241658526801313,18.91,18.241658526801313,18.5425,0,0,0,0,NaN,NaN,82.75115558068516,NaN,NaN,NaN,16.023786597107495,17.37164392878607,NaN,NaN,NaN,NaN,NaN,NaN,NaN,NaN,NaN,NaN,1
2024-03-01,18.392079263400657,18.99,18.25,18.75,0,0,0,0,NaN,NaN,83.06558750434309,NaN,NaN,NaN,16.023786597107495,17.85777575015025,NaN,NaN,NaN,NaN,NaN,NaN,NaN,NaN,NaN,NaN,1
2024-03-04,18.57103963170033,19.52,18.03,18.68,0,0,0,0,NaN,NaN,83.202459002255,NaN,NaN,NaN,16.023786597107495,17.85777575015025,NaN,NaN,NaN,NaN,NaN,NaN,NaN,NaN,NaN,NaN,1
2024-03-05,18.625519815850165,19.1,17.72,18.28,0,0,0,0,NaN,NaN,83.3137932982733,NaN,NaN,NaN,16.023786597107495,17.85777575015025,NaN,NaN,NaN,NaN,NaN,NaN,NaN,NaN,NaN,NaN,1
2024-03-06,18.452759907925085,18.95,18.07,18.5375,0,0,0,0,NaN,NaN,83.4868733933207,NaN,NaN,NaN,16.023786597107495,17.85777575015025,NaN,NaN,NaN,NaN,NaN,NaN,NaN,NaN,NaN,NaN,1
2024-03-07,18.495129953962543,19.11,18.1317,18.497925,0,0,0,0,NaN,NaN,83.77260640036181,NaN,NaN,NaN,16.023786597107495,17.85777575015025,NaN,NaN,NaN,NaN,NaN,NaN,NaN,NaN,NaN,NaN,1
2024-03-08,18.49652747698127,19.43,18.49652747698127,18.9025,0,0,0,0,NaN,NaN,84.02739469799747,NaN,NaN,NaN,16.023786597107495,18.253622252600668,NaN,NaN,NaN,NaN,NaN,NaN,NaN,NaN,NaN,NaN,1
2024-03-11,18.699513738490637,18.98,17.25,18.1925,0,0,0,0,NaN,NaN,84.21155836388705,NaN,NaN,NaN,16.023786597107495,18.253622252600668,NaN,NaN,NaN,NaN,NaN,NaN,NaN,NaN,NaN,NaN,1
2024-03-12,18.446006869245316,18.69,17.38,18.0525,0,0,0,0,NaN,NaN,84.37959427501613,NaN,NaN,NaN,16.023786597107495,18.253622252600668,NaN,NaN,NaN,NaN,NaN,NaN,NaN,NaN,NaN,NaN,1
2024-03-13,18.24925343462266,19.56,17.94,18.5225,0,0,0,0,NaN,NaN,84.81225208118167,NaN,NaN,NaN,16.023786597107495,18.253622252600668,NaN,NaN,NaN,NaN,NaN,NaN,NaN,NaN,NaN,NaN,1
2024-03-14,18.38587671731133,18.74,17.85,18.165,0,0,0,0,NaN,NaN,85.03696087218812,NaN,NaN,NaN,16.023786597107495,18.253622252600668,NaN,NaN,NaN,NaN,NaN,NaN,NaN,NaN,NaN,NaN,1
2024-03-15,18.275438358655663,18.275438358655663,12.31,14.552500000000002,0,0,0,0,NaN,NaN,81.62288433141708,NaN,NaN,NaN,16.023786597107495,15.944500000000001,NaN,NaN,NaN,NaN,NaN,NaN,NaN,NaN,NaN,NaN,1
2024-03-18,16.413969179327832,16.413969179327832,11.83,13.3575,0,0,0,0,NaN,NaN,76.40777066975181,NaN,NaN,NaN,16.023786597107495,15.287315,NaN,NaN,NaN,NaN,NaN,NaN,NaN,NaN,NaN,NaN,1
2024-03-19,14.885734589663915,15.44,13.82,14.709999999999999,0,0,0,0,NaN,NaN,73.72569240988052,NaN,NaN,NaN,16.023786597107495,15.287315,NaN,NaN,NaN,NaN,NaN,NaN,NaN,NaN,NaN,NaN,1
2024-03-20,14.797867294831956,15.38,14.64,15.0775,0,0,0,0,NaN,NaN,71.54536611895085,NaN,NaN,NaN,16.023786597107495,15.287315,NaN,NaN,NaN,NaN,NaN,NaN,NaN,NaN,NaN,NaN,1
2024-03-21,14.937683647415978,15.58,14.55,15.006249999999998,0,0,0,0,NaN,NaN,69.04585945098172,NaN,NaN,NaN,16.023786597107495,15.287315,NaN,NaN,NaN,NaN,NaN,NaN,NaN,NaN,NaN,NaN,1
2024-03-22,14.971966823707987,14.971966823707987,14.2701,14.637525,0,0,0,0,NaN,NaN,65.811720755667,NaN,NaN,NaN,16.023786597107495,15.287315,NaN,NaN,NaN,NaN,NaN,NaN,NaN,NaN,NaN,NaN,1
2024-03-25,14.804745911853994,14.804745911853994,13.07,13.82375,0,0,0,0,NaN,NaN,61.06443387426573,NaN,NaN,NaN,16.023786597107495,15.287315,NaN,NaN,NaN,NaN,NaN,NaN,NaN,NaN,NaN,NaN,1
2024-03-26,14.314247955926998,14.314247955926998,12.67,13.072500000000002,0,0,0,0,NaN,NaN,55.12581942090472,NaN,NaN,NaN,16.023786597107495,15.020476100000002,NaN,NaN,NaN,NaN,NaN,NaN,NaN,NaN,NaN,NaN,1
2024-03-27,13.6933739779635,13.6933739779635,12.6345,12.908624999999999,0,0,0,0,NaN,NaN,49.00041753389651,NaN,NaN,NaN,16.023786597107495,14.755846376000001,NaN,NaN,NaN,NaN,NaN,NaN,NaN,NaN,NaN,NaN,1
2024-03-28,13.300999488981748,13.81,12.73,13.1525,0,0,0,0,NaN,NaN,43.49308039398967,NaN,NaN,NaN,16.023786597107495,14.755846376000001,NaN,NaN,NaN,NaN,NaN,NaN,NaN,NaN,NaN,NaN,1
2024-04-01,13.226749744490874,13.73,12.69,13.1475,0,0,0,0,NaN,NaN,38.338726306358694,NaN,NaN,NaN,16.023786597107495,14.755846376000001,NaN,NaN,NaN,NaN,NaN,NaN,NaN,NaN,NaN,NaN,1
2024-04-02,13.187124872245438,13.187124872245438,11.56,12.0275,0,0,0,0,NaN,NaN,31.717035470974803,NaN,NaN,NaN,16.023786597107495,14.04074981088,NaN,NaN,NaN,NaN,NaN,NaN,NaN,NaN,NaN,NaN,1
2024-04-03,12.607312436122719,12.607312436122719,11.35,11.6325,0,0,0,0,NaN,NaN,24.953434317667522,NaN,NaN,NaN,16.023786597107495,13.511637339248,NaN,NaN,NaN,NaN,NaN,NaN,NaN,NaN,NaN,NaN,1
2024-04-04,12.11990621806136,12.14,11.185,11.59625,0,0,0,0,NaN,NaN,19.097960174837876,NaN,NaN,NaN,14.83946844616131,13.15200511818336,NaN,NaN,NaN,NaN,NaN,NaN,NaN,NaN,NaN,NaN,1
2024-04-05,11.858078109030679,11.858078109030679,11.04,11.26,0,0,0,0,NaN,NaN,13.917063118148358,NaN,NaN,NaN,13.27629368424569,12.621865293364856,NaN,NaN,NaN,NaN,NaN,NaN,NaN,NaN,NaN,NaN,1
2024-04-08,11.559039054515338,11.58,11.07,11.2275,0,0,0,0,NaN,NaN,9.74877383658531,NaN,NaN,NaN,13.238174715824464,12.274867622957288,NaN,NaN,NaN,NaN,NaN,NaN,NaN,NaN,NaN,NaN,1
2024-04-09,11.393269527257669,11.5401,11.05,11.265025000000001,0,0,0,0,NaN,NaN,6.48558468809138,NaN,NaN,NaN,13.238174715824464,12.274867622957288,NaN,NaN,NaN,NaN,NaN,NaN,NaN,NaN,NaN,NaN,1
2024-04-10,11.329147263628835,11.46,10.86,11.118,0,0,0,0,NaN,NaN,3.7948919361957607,NaN,NaN,NaN,13.238174715824464,11.92254586475882,NaN,NaN,NaN,NaN,NaN,NaN,NaN,NaN,NaN,NaN,1
2024-04-11,11.223573631814418,11.3,10.67,10.9875,0,0,0,0,NaN,NaN,1.8660234922304966,NaN,NaN,NaN,13.00828566334525,11.596357105331176,NaN,NaN,NaN,NaN,NaN,NaN,NaN,NaN,NaN,NaN,1
2024-04-12,11.10553681590721,11.10553681590721,10.1,10.49875,0,0,0,0,NaN,NaN,0.595984976879826,NaN,NaN,NaN,12.493217204990925,11.070415510571888,NaN,NaN,NaN,NaN,NaN,NaN,NaN,NaN,NaN,NaN,1
2024-04-15,10.802143407953604,10.802143407953604,9.84,10.105,0,0,0,0,NaN,NaN,0.0321770641298675,NaN,NaN,NaN,12.097913623785571,10.596865926766007,NaN,NaN,NaN,NaN,NaN,NaN,NaN,NaN,NaN,NaN,1
2024-04-16,10.453571703976802,10.965,10,10.53375,0,0,0,0,NaN,NaN,0.15131690098558456,NaN,NaN,NaN,12.097913623785571,10.596865926766007,NaN,NaN,NaN,NaN,NaN,NaN,NaN,NaN,NaN,NaN,1
2024-04-17,10.493660851988402,11.25,9.72,10.39,0,0,0,0,NaN,NaN,0.9106260600740653,NaN,NaN,NaN,12.097913623785571,10.596865926766007,NaN,NaN,NaN,NaN,NaN,NaN,NaN,NaN,NaN,NaN,1
2024-04-18,10.441830425994201,10.441830425994201,9.635,9.831225,0,0,0,0,NaN,NaN,2.267030004289004,NaN,NaN,NaN,12.097913623785571,10.214764590327265,NaN,NaN,NaN,NaN,NaN,NaN,NaN,NaN,NaN,NaN,1
2024-04-19,10.1365277129971,10.1365277129971,9.395,9.652325,0,0,0,0,NaN,NaN,4.08860607170679,NaN,NaN,NaN,12.097913623785571,9.926658962389812,NaN,NaN,NaN,NaN,NaN,NaN,NaN,NaN,NaN,NaN,1
2024-04-22,9.894426356498549,9.894426356498549,9.26,9.524999999999999,0,0,0,0,NaN,NaN,6.159346806751894,NaN,NaN,NaN,12.097913623785571,9.710898054314395,NaN,NaN,NaN,NaN,NaN,NaN,NaN,NaN,NaN,NaN,1
2024-04-23,9.709713178249274,11.15,9.709713178249274,10.30125,0,0,0,0,NaN,NaN,8.149042529223227,NaN,NaN,NaN,12.097913623785571,10.099425,NaN,NaN,NaN,NaN,NaN,NaN,NaN,NaN,NaN,NaN,1
2024-04-24,10.005481589124637,11.07,10.005481589124637,10.6675,0,0,0,0,NaN,NaN,10.360301832939687,NaN,NaN,NaN,12.097913623785571,10.2940985,NaN,NaN,NaN,NaN,NaN,NaN,NaN,NaN,NaN,NaN,1
2024-04-25,10.33649079456232,11.58,10.17,10.9225,0,0,0,0,NaN,NaN,12.849636421125213,NaN,NaN,NaN,12.097913623785571,10.45165259,NaN,NaN,NaN,NaN,NaN,NaN,NaN,NaN,NaN,NaN,1
2024-04-26,10.62949539728116,11.92,10.62949539728116,11.56,0,0,0,0,NaN,NaN,14.849182414010537,NaN,NaN,NaN,12.097913623785571,10.8414663569,NaN,NaN,NaN,NaN,NaN,NaN,NaN,NaN,NaN,NaN,1
2024-04-29,11.09474769864058,11.82,11.09474769864058,11.6325,0,0,0,0,NaN,NaN,17.497980506101115,NaN,NaN,NaN,12.097913623785571,10.968290394072,NaN,NaN,NaN,NaN,NaN,NaN,NaN,NaN,NaN,NaN,1
2024-04-30,11.363623849320291,11.87,11.363623849320291,11.602500000000001,0,0,0,0,NaN,NaN,21.075421898023762,NaN,NaN,NaN,12.097913623785571,10.968290394072,NaN,NaN,NaN,NaN,NaN,NaN,NaN,NaN,NaN,NaN,1
2024-05-01,11.483061924660145,11.64,10.925,11.331249999999999,0,0,0,0,NaN,NaN,25.14328265990503,NaN,NaN,NaN,12.097913623785571,10.968290394072,NaN,NaN,NaN,NaN,NaN,NaN,NaN,NaN,NaN,NaN,1
2024-05-02,11.407155962330073,11.44,11,11.2825,0,0,0,0,NaN,NaN,29.564867915726378,NaN,NaN,NaN,12.097913623785571,10.968290394072,NaN,NaN,NaN,NaN,NaN,NaN,NaN,NaN,NaN,NaN,1
2024-05-03,11.344827981165036,11.656,11.03,11.374,0,0,0,0,NaN,NaN,34.216757130608585,NaN,NaN,NaN,12.097913623785571,10.968290394072,NaN,NaN,NaN,NaN,NaN,NaN,NaN,NaN,NaN,NaN,1
2024-05-06,11.359413990582517,11.375,10.87,11.11125,0,0,0,0,NaN,NaN,39.61447711797752,NaN,NaN,NaN,12.097913623785571,10.968290394072,NaN,NaN,NaN,NaN,NaN,NaN,NaN,NaN,NaN,NaN,1
2024-05-07,11.235331995291258,11.49,10.8715,11.070374999999999,0,0,0,0,NaN,NaN,44.87239791947696,NaN,NaN,NaN,12.097913623785571,10.968290394072,NaN,NaN,NaN,NaN,NaN,NaN,NaN,NaN,NaN,NaN,1
2024-05-08,11.152853497645628,11.152853497645628,10.55,10.782500000000002,0,0,0,0,NaN,NaN,49.809013405169324,NaN,NaN,NaN,12.097913623785571,10.968290394072,NaN,NaN,NaN,NaN,NaN,NaN,NaN,NaN,NaN,NaN,1
2024-05-09,10.967676748822814,11.03,10.09,10.6625,0,0,0,0,NaN,NaN,53.86942957464556,NaN,NaN,NaN,12.097913623785571,10.968290394072,NaN,NaN,NaN,NaN,NaN,NaN,NaN,NaN,NaN,NaN,1
2024-05-10,10.815088374411406,14,10.815088374411406,12.64125,0,0,0,0,NaN,NaN,55.68370800107287,NaN,NaN,NaN,12.097913623785571,11.6479530849612,NaN,NaN,NaN,NaN,NaN,NaN,NaN,NaN,NaN,NaN,1
2024-05-13,11.728169187205703,15.41,11.728169187205703,14.10625,0,0,0,0,NaN,NaN,55.92573917955897,NaN,NaN,NaN,12.097913623785571,12.691096529668185,NaN,NaN,NaN,NaN,NaN,NaN,NaN,NaN,NaN,NaN,1
2024-05-14,12.917209593602852,17.42,12.917209593602852,16.33,0,0,0,0,NaN,NaN,53.70827650119958,NaN,NaN,NaN,12.097913623785571,14.333647508437865,NaN,NaN,NaN,NaN,NaN,NaN,NaN,NaN,NaN,NaN,1
2024-05-15,14.623604796801425,17.57,14.623604796801425,16.938,0,0,0,0,NaN,NaN,50.48489402924461,NaN,NaN,NaN,12.097913623785571,15.189732106412777,NaN,NaN,NaN,NaN,NaN,NaN,NaN,NaN,NaN,NaN,1
2024-05-16,15.780802398400713,16.9,15.780802398400713,16.494999999999997,0,0,0,0,NaN,NaN,47.97253174539135,NaN,NaN,NaN,12.785225422426697,15.189732106412777,NaN,NaN,NaN,NaN,NaN,NaN,NaN,NaN,NaN,NaN,1
2024-05-17,16.137901199200357,16.99,16.02,16.549999999999997,0,0,0,0,NaN,NaN,45.49362112797059,NaN,NaN,NaN,14.512521864370338,15.189732106412777,NaN,NaN,NaN,NaN,NaN,NaN,NaN,NaN,NaN,NaN,1
2024-05-20,16.343950599600177,17.47,16.343950599600177,16.935,0,0,0,0,NaN,NaN,42.01629687978515,NaN,NaN,NaN,14.897856322794988,15.189732106412777,NaN,NaN,NaN,NaN,NaN,NaN,NaN,NaN,NaN,NaN,1
2024-05-21,16.63947529980009,17.37,16.53,16.9,0,0,0,0,NaN,NaN,37.93072972074284,NaN,NaN,NaN,14.897856322794988,15.189732106412777,NaN,NaN,NaN,NaN,NaN,NaN,NaN,NaN,NaN,NaN,1
2024-05-22,16.769737649900044,17.11,16.17,16.6125,0,0,0,0,NaN,NaN,33.988585080210996,NaN,NaN,NaN,14.897856322794988,15.189732106412777,NaN,NaN,NaN,NaN,NaN,NaN,NaN,NaN,NaN,NaN,1
2024-05-23,16.691118824950024,16.74,16.03,16.43,0,0,0,0,NaN,NaN,30.475955311605173,NaN,NaN,NaN,14.897856322794988,15.189732106412777,NaN,NaN,NaN,NaN,NaN,NaN,NaN,NaN,NaN,NaN,1
2024-05-24,16.560559412475012,16.63,16.1,16.415,0,0,0,0,NaN,NaN,27.143665487626112,NaN,NaN,NaN,14.897856322794988,15.189732106412777,NaN,NaN,NaN,NaN,NaN,NaN,NaN,NaN,NaN,NaN,1
2024-05-28,16.487779706237504,17.22,15.28,16.1825,0,0,0,0,NaN,NaN,24.247932111002026,NaN,NaN,NaN,14.897856322794988,15.189732106412777,NaN,NaN,NaN,NaN,NaN,NaN,NaN,NaN,NaN,NaN,1
2024-05-29,16.335139853118754,16.335139853118754,14.99,15.19125,0,0,0,0,NaN,NaN,22.10002963133023,NaN,NaN,NaN,14.897856322794988,15.189732106412777,NaN,NaN,NaN,NaN,NaN,NaN,NaN,NaN,NaN,NaN,1
2024-05-30,15.763194926559377,16.05,15.17,15.565000000000001,0,0,0,0,NaN,NaN,19.24690088741747,NaN,NaN,NaN,14.897856322794988,15.189732106412777,NaN,NaN,NaN,NaN,NaN,NaN,NaN,NaN,NaN,NaN,1
2024-05-31,15.664097463279688,16.18,15.664097463279688,15.9,0,0,0,0,NaN,NaN,16.09221291612547,NaN,NaN,NaN,14.897856322794988,15.189732106412777,NaN,NaN,NaN,NaN,NaN,NaN,NaN,NaN,NaN,NaN,1
2024-06-03,15.782048731639843,16.43,15.53,15.97925,0,0,0,0,NaN,NaN,13.105561331628751,NaN,NaN,NaN,14.897856322794988,15.189732106412777,NaN,NaN,NaN,NaN,NaN,NaN,NaN,NaN,NaN,NaN,1
2024-06-04,15.880649365819922,15.880649365819922,14.73,15.23375,0,0,0,0,NaN,NaN,10.826623178397705,NaN,NaN,NaN,14.897856322794988,15.189732106412777,NaN,NaN,NaN,NaN,NaN,NaN,NaN,NaN,NaN,NaN,1
2024-06-05,15.55719968290996,15.55719968290996,14.35,14.802349999999999,0,0,0,0,NaN,NaN,8.855753269607874,NaN,NaN,NaN,14.897856322794988,15.189732106412777,NaN,NaN,NaN,NaN,NaN,NaN,NaN,NaN,NaN,NaN,1
2024-06-06,15.179774841454979,15.179774841454979,14.16,14.409999999999998,0,0,0,0,NaN,NaN,7.195368477600484,NaN,NaN,NaN,14.897856322794988,15.189732106412777,NaN,NaN,NaN,NaN,NaN,NaN,NaN,NaN,NaN,NaN,1
2024-06-07,14.794887420727488,14.794887420727488,14.08,14.225,0,0,0,0,NaN,NaN,5.635202003948782,NaN,NaN,NaN,14.897856322794988,15.189732106412777,NaN,NaN,NaN,NaN,NaN,NaN,NaN,NaN,NaN,NaN,1
2024-06-10,14.509943710363743,14.63,14.04,14.325000000000001,0,0,0,0,NaN,NaN,4.071016777642178,NaN,NaN,NaN,14.897856322794988,15.189732106412777,NaN,NaN,NaN,NaN,NaN,NaN,NaN,NaN,NaN,NaN,1
2024-06-11,14.417471855181873,15.92,14.31,15.0775,0,0,0,0,NaN,NaN,2.5570766579192026,NaN,NaN,NaN,14.897856322794988,15.189732106412777,NaN,NaN,NaN,NaN,NaN,NaN,NaN,NaN,NaN,NaN,1
2024-06-12,14.747485927590937,16.76,14.747485927590937,16.2325,0,0,0,0,NaN,NaN,1.0697996605805553,NaN,NaN,NaN,14.897856322794988,15.189732106412777,NaN,NaN,NaN,NaN,NaN,NaN,NaN,NaN,NaN,NaN,1
2024-06-13,15.48999296379547,16.33,15.48999296379547,16.005,0,0,0,0,NaN,NaN,0.20316696300038817,NaN,NaN,NaN,14.897856322794988,15.189732106412777,NaN,NaN,NaN,NaN,NaN,NaN,NaN,NaN,NaN,NaN,1
2024-06-14,15.747496481897734,15.747496481897734,14.71,15.165,0,0,0,0,NaN,NaN,0.006486504373493196,NaN,NaN,NaN,14.897856322794988,15.189732106412777,NaN,NaN,NaN,NaN,NaN,NaN,NaN,NaN,NaN,NaN,1
2024-06-17,15.456248240948867,15.456248240948867,14.61,14.9725,0,0,0,0,NaN,NaN,0.34463035180035767,NaN,NaN,NaN,14.897856322794988,15.189732106412777,NaN,NaN,NaN,NaN,NaN,NaN,NaN,NaN,NaN,NaN,1
2024-06-18,15.214374120474433,15.54,14.9,15.1525,0,0,0,0,NaN,NaN,1.3544218714294507,NaN,NaN,NaN,14.897856322794988,15.189732106412777,NaN,NaN,NaN,NaN,NaN,NaN,NaN,NaN,NaN,NaN,1
2024-06-20,15.183437060237218,15.183437060237218,14.46,14.79125,0,0,0,0,NaN,NaN,3.0244099837060707,NaN,NaN,NaN,14.897856322794988,15.189732106412777,NaN,NaN,NaN,NaN,NaN,NaN,NaN,NaN,NaN,NaN,1
2024-06-21,14.987343530118608,14.987343530118608,14.23,14.615,0,0,0,0,NaN,NaN,5.702808657184574,NaN,NaN,NaN,14.897856322794988,15.189732106412777,NaN,NaN,NaN,NaN,NaN,NaN,NaN,NaN,NaN,NaN,1
2024-06-24,14.801171765059305,15.0085,14.29,14.589625,0,0,0,0,NaN,NaN,8.960539815312162,NaN,NaN,NaN,14.897856322794988,15.189732106412777,NaN,NaN,NaN,NaN,NaN,NaN,NaN,NaN,NaN,NaN,1
2024-06-25,14.695398382529653,14.695398382529653,14.19,14.34,0,0,0,0,NaN,NaN,12.948459559348539,NaN,NaN,NaN,14.897856322794988,15.189732106412777,NaN,NaN,NaN,NaN,NaN,NaN,NaN,NaN,NaN,NaN,1
2024-06-26,14.517699191264827,15,14.06,14.540000000000001,0,0,0,0,NaN,NaN,18.852462768583496,NaN,NaN,NaN,14.897856322794988,15.189732106412777,NaN,NaN,NaN,NaN,NaN,NaN,NaN,NaN,NaN,NaN,1
2024-06-27,14.528849595632414,15.11,14.28,14.8125,0,0,0,0,NaN,NaN,26.148635579059036,NaN,NaN,NaN,14.897856322794988,15.189732106412777,NaN,NaN,NaN,NaN,NaN,NaN,NaN,NaN,NaN,NaN,1
2024-06-28,14.670674797816208,15.45,14.670674797816208,15.151250000000001,0,0,0,0,NaN,NaN,29.19809075856403,NaN,NaN,NaN,14.897856322794988,15.189732106412777,NaN,NaN,NaN,NaN,NaN,NaN,NaN,NaN,NaN,NaN,1
2024-07-01,14.910962398908104,15.65,14.910962398908104,15.3975,0,0,0,0,NaN,NaN,31.03519562923364,NaN,NaN,NaN,14.897856322794988,15.189732106412777,NaN,NaN,NaN,NaN,NaN,NaN,NaN,NaN,NaN,NaN,1
2024-07-02,15.154231199454053,15.58,14.88,15.2775,0,0,0,0,NaN,NaN,34.574351755274016,NaN,NaN,NaN,14.897856322794988,15.189732106412777,NaN,NaN,NaN,NaN,NaN,NaN,NaN,NaN,NaN,NaN,1
2024-07-03,15.215865599727026,15.47,15.0975,15.286875,0,0,0,0,NaN,NaN,38.87659391474202,NaN,NaN,NaN,14.897856322794988,15.189732106412777,NaN,NaN,NaN,NaN,NaN,NaN,NaN,NaN,NaN,NaN,1
2024-07-05,15.251370299863513,15.38,14.17,14.7975,0,0,0,0,NaN,NaN,42.79051839724705,NaN,NaN,NaN,14.897856322794988,15.189732106412777,NaN,NaN,NaN,NaN,NaN,NaN,NaN,NaN,NaN,NaN,1
2024-07-08,15.024435149931756,15.15,14.43,14.655000000000001,0,0,0,0,NaN,NaN,46.079441483024134,NaN,NaN,NaN,14.897856322794988,15.189732106412777,NaN,NaN,NaN,NaN,NaN,NaN,NaN,NaN,NaN,NaN,1
2024-07-09,14.839717574965878,14.839717574965878,13.16,13.993749999999999,0,0,0,0,NaN,NaN,47.285517581196935,NaN,NaN,NaN,14.897856322794988,15.189732106412777,NaN,NaN,NaN,NaN,NaN,NaN,NaN,NaN,NaN,NaN,1
2024-07-10,14.416733787482938,14.97,13.92,14.4175,0,0,0,0,NaN,NaN,47.92305469575704,NaN,NaN,NaN,14.897856322794988,15.189732106412777,NaN,NaN,NaN,NaN,NaN,NaN,NaN,NaN,NaN,NaN,1
2024-07-11,14.417116893741468,15.305,14.417116893741468,14.95375,0,0,0,0,NaN,NaN,48.91314485992046,NaN,NaN,NaN,14.897856322794988,15.189732106412777,NaN,NaN,NaN,NaN,NaN,NaN,NaN,NaN,NaN,NaN,1
2024-07-12,14.685433446870734,17.365,14.685433446870734,16.20625,0,0,0,0,NaN,NaN,51.350313951778595,NaN,NaN,NaN,14.897856322794988,15.189732106412777,NaN,NaN,NaN,NaN,NaN,NaN,NaN,NaN,NaN,NaN,1
2024-07-15,15.445841723435368,17.33,15.445841723435368,16.7325,0,0,0,0,NaN,NaN,54.08294043611522,NaN,NaN,NaN,14.897856322794988,15.189732106412777,NaN,NaN,NaN,NaN,NaN,NaN,NaN,NaN,NaN,NaN,1
2024-07-16,16.089170861717683,18.24,16.089170861717683,17.515,0,0,0,0,NaN,NaN,55.760100262330326,NaN,NaN,NaN,14.897856322794988,16.028159437681328,NaN,NaN,NaN,NaN,NaN,NaN,NaN,NaN,NaN,NaN,1
2024-07-17,16.802085430858842,17.91,16.68,17.405,0,0,0,0,NaN,NaN,56.87327906116407,NaN,NaN,NaN,14.897856322794988,16.028159437681328,NaN,NaN,NaN,NaN,NaN,NaN,NaN,NaN,NaN,NaN,1
2024-07-18,17.10354271542942,18.1699,16.75,17.244975,0,0,0,0,NaN,NaN,57.751807167820935,NaN,NaN,NaN,14.897856322794988,16.028159437681328,NaN,NaN,NaN,NaN,NaN,NaN,NaN,NaN,NaN,NaN,1
2024-07-19,17.17425885771471,17.2999,16.72,16.892474999999997,0,0,0,0,NaN,NaN,58.00812758196264,NaN,NaN,NaN,14.897856322794988,16.028159437681328,NaN,NaN,NaN,NaN,NaN,NaN,NaN,NaN,NaN,NaN,1
2024-07-22,17.033366928857355,17.595,16.74,17.17625,0,0,0,0,NaN,NaN,58.311999800596496,NaN,NaN,NaN,14.897856322794988,16.028159437681328,NaN,NaN,NaN,NaN,NaN,NaN,NaN,NaN,NaN,NaN,1
2024-07-23,17.10480846442868,18.13,17.10480846442868,17.7075,0,0,0,0,NaN,NaN,58.834410908965154,NaN,NaN,NaN,14.897856322794988,16.59933660637693,NaN,NaN,NaN,NaN,NaN,NaN,NaN,NaN,NaN,NaN,1
2024-07-24,17.40615423221434,17.91,17.11,17.5175,0,0,0,0,NaN,NaN,59.03594584738584,NaN,NaN,NaN,14.897856322794988,16.59933660637693,NaN,NaN,NaN,NaN,NaN,NaN,NaN,NaN,NaN,NaN,1
2024-07-25,17.46182711610717,18.16,16.95,17.445,0,0,0,0,NaN,NaN,58.996520775336755,NaN,NaN,NaN,14.897856322794988,16.59933660637693,NaN,NaN,NaN,NaN,NaN,NaN,NaN,NaN,NaN,NaN,1
2024-07-26,17.453413558053583,18.07,17.227,17.77175,0,0,0,0,NaN,NaN,58.783967883931176,NaN,NaN,NaN,14.897856322794988,17.007756776272544,NaN,NaN,NaN,NaN,NaN,NaN,NaN,NaN,NaN,NaN,1
2024-07-29,17.61258177902679,18.47,16.97,17.6775,0,0,0,0,NaN,NaN,58.26518034174143,NaN,NaN,NaN,14.897856322794988,17.007756776272544,NaN,NaN,NaN,NaN,NaN,NaN,NaN,NaN,NaN,NaN,1
2024-07-30,17.645040889513396,17.645040889513396,15.53,16.457500000000003,0,0,0,0,NaN,NaN,56.80776741769063,NaN,NaN,NaN,14.897856322794988,17.007756776272544,NaN,NaN,NaN,NaN,NaN,NaN,NaN,NaN,NaN,NaN,1
2024-07-31,17.0512704447567,17.0512704447567,13.07,14.157475,0,0,0,0,NaN,NaN,52.14948469442891,NaN,NaN,NaN,14.897856322794988,15.314042999999998,NaN,NaN,NaN,NaN,NaN,NaN,NaN,NaN,NaN,NaN,1
2024-08-01,15.60437272237835,15.60437272237835,12.02,12.77875,0,0,1,0,NaN,NaN,44.863345662273396,NaN,NaN,NaN,14.897856322794988,14.569302584999999,NaN,NaN,NaN,NaN,NaN,NaN,NaN,NaN,NaN,NaN,1
2024-08-02,14.191561361189176,14.191561361189176,11.2501,11.605025000000001,0,0,0,0,NaN,NaN,35.527814315673844,NaN,NaN,NaN,14.897856322794988,13.839795179899998,NaN,NaN,NaN,NaN,NaN,NaN,NaN,NaN,NaN,NaN,1
2024-08-05,12.898293180594589,12.898293180594589,10.37,11.05,0,0,0,0,NaN,NaN,25.9278486447517,NaN,NaN,NaN,14.897856322794988,13.336177238708999,NaN,NaN,NaN,NaN,NaN,NaN,NaN,NaN,NaN,NaN,1
2024-08-06,11.974146590297295,11.974146590297295,11.05,11.47875,0,0,0,0,NaN,NaN,18.430394586569456,NaN,NaN,NaN,14.897856322794988,13.336177238708999,NaN,NaN,NaN,NaN,NaN,NaN,NaN,NaN,NaN,NaN,1
2024-08-07,11.726448295148646,11.726448295148646,10.64,11.165,0,0,0,0,NaN,NaN,11.884973971409279,NaN,NaN,NaN,14.897856322794988,13.336177238708999,NaN,NaN,NaN,NaN,NaN,NaN,NaN,NaN,NaN,NaN,1
2024-08-08,11.445724147574323,11.445724147574323,10.23,10.5625,0,0,0,0,NaN,NaN,6.378063850791095,NaN,NaN,NaN,14.897856322794988,12.788835970063918,NaN,NaN,NaN,NaN,NaN,NaN,NaN,NaN,NaN,NaN,1
2024-08-09,11.004112073787162,11.05,10.47,10.655000000000001,0,0,0,0,NaN,NaN,2.844520782360965,NaN,NaN,NaN,13.606751380571882,12.788835970063918,NaN,NaN,NaN,NaN,NaN,NaN,NaN,NaN,NaN,NaN,1
2024-08-12,10.829556036893582,11.77,10.829556036893582,11.332500000000001,0,0,0,0,NaN,NaN,0.9139728862659168,NaN,NaN,NaN,13.404236638675105,12.788835970063918,NaN,NaN,NaN,NaN,NaN,NaN,NaN,NaN,NaN,NaN,1