time,open,high,low,close,EMA10,EMA130,VWAP,Bull_window,Bear_window,Plot,Plot,Bullish,Bullish+,Bearish,Bearish+,Bullish Exit,Bearish Exit,Trend Strength,Take Profit,Stop Loss,Bar Color Value,Trend Tracer,Trend Catcher,Smart Trail,Smart Trail Extremity,RZ R3 Band,RZ R2 Band,RZ R1 Band,RZ S1 Band,RZ S2 Band,RZ S3 Band,Neo Lead,Neo Lag,Custom Alert Condition Highlighter,Histogram,MACD,Signal
2024-08-02T15:22:00-04:00,6.1635329492541935,6.167,6.1635329492541935,6.167,6.153657072074235,6.213133647513051,6.110991473411714,0,0,19461,19732,0,0,0,0,NaN,NaN,0.32426333037901367,NaN,NaN,NaN,6.1975619833612905,6.108448501603212,NaN,NaN,NaN,NaN,NaN,NaN,NaN,NaN,NaN,NaN,1,0.006126278272512543,0.016496716936447164,0.010370438663934622
2024-08-02T15:27:00-04:00,6.165266474627097,6.165266474627097,6.09,6.1259999999999994,6.148628513515283,6.211803362818196,6.111151632696616,0,0,19461,19733,0,0,0,0,NaN,NaN,0.48974493235330147,NaN,NaN,NaN,6.1975619833612905,6.108448501603212,NaN,NaN,NaN,NaN,NaN,NaN,NaN,NaN,NaN,NaN,1,0.002422190473722354,0.013398176756087565,0.010975986282365211
2024-08-02T15:30:00-04:00,6.1456332373135485,6.19,6.1456332373135485,6.176,6.153605147421596,6.211256746591964,6.1127644068678455,0,0,19461,19734,0,0,0,0,NaN,NaN,1.332699370717946,NaN,NaN,NaN,6.1975619833612905,6.108448501603212,NaN,NaN,NaN,NaN,NaN,NaN,NaN,NaN,NaN,NaN,1,0.0030643819935122635,0.01480646377425554,0.011742081780743277
2024-08-02T15:32:00-04:00,6.160816618656774,6.160816618656774,6.12,6.12,6.147495120617669,6.209863513819568,6.112801858178053,0,0,19461,19735,0,0,0,0,NaN,NaN,1.6739252473519923,NaN,NaN,NaN,6.1975619833612905,6.108448501603212,NaN,NaN,NaN,NaN,NaN,NaN,NaN,NaN,NaN,NaN,1,-0.0003745842629700232,0.011273851452030748,0.01164843571500077
2024-08-02T15:37:00-04:00,6.140408309328388,6.18,6.140408309328388,6.18,6.153405098687184,6.209407582310872,6.113147883625128,0,0,19461,19736,0,0,0,0,NaN,NaN,3.7879240845684627,NaN,NaN,NaN,6.1975619833612905,6.108448501603212,NaN,NaN,NaN,NaN,NaN,NaN,NaN,NaN,NaN,NaN,1,0.0012124379014873468,0.013163983091859954,0.011951545190372607
2024-08-02T15:41:00-04:00,6.160204154664194,6.19,6.07,6.1325,6.14960417165315,6.208233420748874,6.113538440968718,0,0,19461,19737,0,0,0,0,NaN,NaN,4.2292981368633376,NaN,NaN,NaN,6.1975619833612905,6.108448501603212,NaN,NaN,NaN,NaN,NaN,NaN,NaN,NaN,NaN,NaN,1,-0.0009967043373044718,0.010705664768742018,0.01170236910604649
2024-08-02T15:45:00-04:00,6.1463520773320965,6.18,6.1463520773320965,6.18,6.155130685898032,6.207802376157288,6.114529418489065,0,0,19461,19738,0,0,0,0,NaN,NaN,3.5715899805184326,NaN,NaN,NaN,6.1975619833612905,6.108448501603212,NaN,NaN,NaN,NaN,NaN,NaN,NaN,NaN,NaN,NaN,1,0.0005955477599401994,0.01244680380597174,0.01185125604603154
2024-08-02T15:46:00-04:00,6.163176038666048,6.175,6.163176038666048,6.175,6.158743288462026,6.207301576521298,6.114938386730513,0,0,19461,19739,0,0,0,0,NaN,NaN,2.3967605228364093,NaN,NaN,NaN,6.1975619833612905,6.108448501603212,NaN,NaN,NaN,NaN,NaN,NaN,NaN,NaN,NaN,NaN,1,0.0011351869715170472,0.013270239760427849,0.012135052788910802
2024-08-02T15:49:00-04:00,6.169088019333024,6.19,6.169088019333024,6.19,6.164426326923476,6.207037430314866,6.115307113032372,0,0,19461,19740,0,0,0,0,NaN,NaN,2.6749090298179605,NaN,NaN,NaN,6.1975619833612905,6.108448501603212,NaN,NaN,NaN,NaN,NaN,NaN,NaN,NaN,NaN,NaN,1,0.002260545995296329,0.014960735283031212,0.012700189287734883
2024-08-02T15:50:00-04:00,6.179544009666513,6.19,6.122,6.1605,6.163712449301025,6.2063269351955554,6.116705474365688,0,0,19461,19741,0,0,0,0,NaN,NaN,1.8889182752360578,NaN,NaN,NaN,6.1975619833612905,6.108448501603212,NaN,NaN,NaN,NaN,NaN,NaN,NaN,NaN,NaN,NaN,1,0.000848991389020599,0.013761428524010633,0.012912437134990034
2024-08-02T15:56:00-04:00,6.170022004833257,6.21,6.170022004833257,6.21,6.17212836760993,6.206383012520814,6.11714748187805,0,0,19461,19742,0,0,0,0,NaN,NaN,2.884274482854543,NaN,NaN,NaN,6.1975619833612905,6.108448501603212,NaN,NaN,NaN,NaN,NaN,NaN,NaN,NaN,NaN,NaN,1,0.00296100491104204,0.016613693273792585,0.013652688362750545
2024-08-02T15:57:00-04:00,6.190011002416629,6.25,6.190011002416629,6.2475000000000005,6.185832300771761,6.207010752787673,6.118371047073731,0,0,19461,19743,0,0,0,0,NaN,NaN,6.923806950125118,NaN,NaN,NaN,6.1975619833612905,6.15345,NaN,NaN,NaN,NaN,NaN,NaN,NaN,NaN,NaN,NaN,1,0.006398246739305894,0.02165049678688291,0.015252250047577017
2024-08-02T15:58:00-04:00,6.218755501208315,6.245,6.218755501208315,6.2325,6.194317336995077,6.207399901600074,6.11943236620635,0,0,19461,19744,0,0,0,0,NaN,NaN,9.62440764631571,NaN,NaN,NaN,6.1975619833612905,6.15345,NaN,NaN,NaN,NaN,NaN,NaN,NaN,NaN,NaN,NaN,1,0.007120919850595889,0.024153399860821878,0.01703248001022599
2024-08-02T15:59:00-04:00,6.225627750604158,6.225627750604158,6.2,6.205,6.196259639359608,6.207363261880989,6.12060952446462,0,0,19461,19745,0,0,0,0,NaN,NaN,10.60628515666834,NaN,NaN,NaN,6.1975619833612905,6.15345,NaN,NaN,NaN,NaN,NaN,NaN,NaN,NaN,NaN,NaN,1,0.005290319346891937,0.02364537919384091,0.018355059846948973
2024-08-02T16:00:00-04:00,6.215313875302079,6.215313875302079,6.17,6.17,6.191485159476043,6.20679283040189,6.124644456141827,0,0,19461,19746,0,0,0,0,NaN,NaN,10.0618765665644,NaN,NaN,NaN,6.1975619833612905,6.15345,NaN,NaN,NaN,NaN,NaN,NaN,NaN,NaN,NaN,NaN,1,0.0014646493232230023,0.020185871500977726,0.018721222177754723
2024-08-02T19:11:00-04:00,6.192656937651039,6.4,6.192656937651039,6.4,6.229396948662218,6.209742558182014,6.135771281367437,1,0,19747,19746,1,0,0,0,NaN,NaN,12.948148552538253,NaN,NaN,NaN,6.1975619833612905,6.234809,NaN,NaN,NaN,NaN,NaN,NaN,NaN,NaN,NaN,NaN,1,0.013497398999224607,0.03559297092678548,0.022095571927560877
2024-08-05T09:30:00-04:00,6.29632846882552,6.29632846882552,5.85,5.9025,6.169961139814542,6.205051832102899,5.9025,0,1,19747,19746,0,0,0,1,NaN,NaN,6.183696942926053,NaN,NaN,NaN,6.1975619833612905,6.136324999999999,NaN,NaN,NaN,NaN,NaN,NaN,NaN,NaN,NaN,NaN,1,-0.011618991436768263,0.00757183263160055,0.019190824068368813
2024-08-05T09:40:00-04:00,6.09941423441276,6.09941423441276,6.02,6.02,6.142695478030079,6.202226613292168,5.913379629629629,0,0,19747,19749,0,0,0,0,NaN,NaN,4.4207854074960995,NaN,NaN,NaN,6.147559650308579,6.136324999999999,NaN,NaN,NaN,NaN,NaN,NaN,NaN,NaN,NaN,NaN,1,-0.019428755227368293,-0.005095119965841555,0.014333635261526739
2024-08-05T09:41:00-04:00,6.059707117206379,6.059707117206379,6.02,6.02,6.120387209297338,6.199444527593051,5.918097345132743,0,0,19747,19750,0,0,0,0,NaN,NaN,2.411824678480521,NaN,NaN,NaN,6.1200057557798715,6.136324999999999,NaN,NaN,NaN,NaN,NaN,NaN,NaN,NaN,NaN,NaN,1,-0.02343595343416361,-0.014961306531177776,0.008474646902985834
2024-08-05T09:42:00-04:00,6.039853558603189,6.039853558603189,6.02,6.02,6.102134989425094,6.19670491648476,5.922415254237288,0,0,19747,19751,0,0,0,0,NaN,NaN,1.380324866656272,NaN,NaN,NaN,6.119679445638747,6.136324999999999,NaN,NaN,NaN,NaN,NaN,NaN,NaN,NaN,NaN,NaN,1,-0.024796297970904307,-0.02252072556064455,0.0022755724102597567
2024-08-05T09:43:00-04:00,6.0299267793015945,6.0299267793015945,6.01,6.01,6.085383173165986,6.193854459744534,5.9292578124999995,0,0,19747,19752,0,0,0,0,NaN,NaN,0.5901272962476029,NaN,NaN,NaN,6.109355407729446,6.136324999999999,NaN,NaN,NaN,NaN,NaN,NaN,NaN,NaN,NaN,NaN,1,-0.025007995256179145,-0.028984421659964177,-0.003976426403785031
2024-08-05T09:44:00-04:00,6.019963389650798,6.05,6,6.025,6.074404414408534,6.191276529061411,5.954690189328743,0,0,19747,19753,0,0,0,0,NaN,NaN,0.47896275082735895,NaN,NaN,NaN,6.109355407729446,6.136324999999999,NaN,NaN,NaN,NaN,NaN,NaN,NaN,NaN,NaN,NaN,1,-0.022836205300493535,-0.03252168302940195,-0.009685477728908414
2024-08-05T09:45:00-04:00,6.022481694825399,6.022481694825399,6,6,6.060876339061528,6.188356276709328,5.963147456836211,0,0,19747,19754,0,0,0,0,NaN,NaN,0.0621834257498729,NaN,NaN,NaN,6.109355407729446,6.136324999999999,NaN,NaN,NaN,NaN,NaN,NaN,NaN,NaN,NaN,NaN,1,-0.021784998757722964,-0.03691672617606212,-0.015131727418339156
2024-08-05T09:46:00-04:00,6.011240847412699,6.011240847412699,6,6,6.049807913777614,6.185480608362621,5.964790459206419,0,0,19747,19755,0,0,0,0,NaN,NaN,0.061727306188848426,NaN,NaN,NaN,6.109355407729446,6.136324999999999,NaN,NaN,NaN,NaN,NaN,NaN,NaN,NaN,NaN,NaN,1,-0.01984616415860569,-0.03993943261659627,-0.02009326845799058
2024-08-05T09:48:00-04:00,6.0056204237063495,6.0056204237063495,6,6,6.040751929454411,6.182648843349451,5.966997492687003,0,0,19747,19756,0,0,0,0,NaN,NaN,0.4877333331183749,NaN,NaN,NaN,6.109355407729446,6.136324999999999,NaN,NaN,NaN,NaN,NaN,NaN,NaN,NaN,NaN,NaN,1,-0.017407384980856883,-0.041852499684061684,-0.0244451147032048
2024-08-05T09:49:00-04:00,6.002810211853175,6.002810211853175,5.975,5.987500000000001,6.0310697604627,6.179669471695261,5.96952509617146,0,0,19747,19757,0,0,0,0,NaN,NaN,1.2619149719722655,NaN,NaN,NaN,6.109355407729446,6.136324999999999,NaN,NaN,NaN,NaN,NaN,NaN,NaN,NaN,NaN,NaN,1,-0.015541140907344767,-0.04387154083738576,-0.02833039993004099
2024-08-05T09:50:00-04:00,5.995155105926588,6,5.995155105926588,6,6.025420713105846,6.176926426325868,5.975695763330898,0,0,19747,19758,0,0,0,0,NaN,NaN,2.0138449946210577,NaN,NaN,NaN,6.109355407729446,6.136324999999999,NaN,NaN,NaN,NaN,NaN,NaN,NaN,NaN,NaN,NaN,1,-0.012500719344256742,-0.04395629911036192,-0.03145557976610518
2024-08-05T09:51:00-04:00,5.997577552963294,6,5.997577552963294,6,6.020798765268419,6.174225259511733,5.976045716342692,0,0,19747,19759,0,0,0,0,NaN,NaN,3.707019228492313,NaN,NaN,NaN,6.109355407729446,6.136324999999999,NaN,NaN,NaN,NaN,NaN,NaN,NaN,NaN,NaN,NaN,1,-0.009652959130395156,-0.04352177867909912,-0.033868819548703966
2024-08-05T09:52:00-04:00,5.998788776481647,6,5.9859,5.992975,6.01573989885598,6.171458079977203,5.977595814257685,0,0,19747,19760,0,0,0,0,NaN,NaN,4.622151053755206,NaN,NaN,NaN,6.109355407729446,6.136324999999999,NaN,NaN,NaN,NaN,NaN,NaN,NaN,NaN,NaN,NaN,1,-0.007501557655738768,-0.043245766618377424,-0.035744208962638656
2024-08-05T09:53:00-04:00,5.995881888240824,6,5.995881888240824,6,6.012878099063983,6.168840399366864,5.977885087153002,0,0,19747,19761,0,0,0,0,NaN,NaN,7.806671315148825,NaN,NaN,NaN,6.109355407729446,6.136324999999999,NaN,NaN,NaN,NaN,NaN,NaN,NaN,NaN,NaN,NaN,1,-0.004985664624483271,-0.041976289743242745,-0.036990625118759474
2024-08-05T09:54:00-04:00,5.997940944120412,6,5.9,5.949999999999999,6.0014457174159865,6.16549932456737,5.967152728139147,0,1,19747,19762,0,0,0,0,NaN,NaN,9.858294728911755,NaN,NaN,NaN,6.109355407729446,6.136324999999999,NaN,NaN,NaN,NaN,NaN,NaN,NaN,NaN,NaN,NaN,1,-0.00600104155796919,-0.04449192706622096,-0.03849088550825177
2024-08-05T09:55:00-04:00,5.973970472060206,5.973970472060206,5.89,5.89,5.981182859703989,6.1612932280090895,5.9665447955243875,0,0,19747,19763,0,0,0,0,NaN,NaN,12.593172189436599,NaN,NaN,NaN,6.109355407729446,6.12287275,NaN,NaN,NaN,NaN,NaN,NaN,NaN,NaN,NaN,NaN,1,-0.009801021407182184,-0.050742162267229496,-0.04094114086004731
2024-08-05T09:56:00-04:00,5.931985236030103,5.931985236030103,5.9,5.9,5.966422339757809,6.157304018421165,5.965828981214436,0,0,19747,19764,0,0,0,0,NaN,NaN,14.559989278230256,NaN,NaN,NaN,6.109355407729446,6.12287275,NaN,NaN,NaN,NaN,NaN,NaN,NaN,NaN,NaN,NaN,1,-0.010657560216818483,-0.05426309113107042,-0.043605530914251935
2024-08-05T09:59:00-04:00,5.915992618015052,5.95,5.8999,5.924975,5.958886459801843,6.153757010506338,5.959551838962923,0,0,19747,19765,0,0,0,0,NaN,NaN,16.36751235878117,NaN,NaN,NaN,6.032101265173915,6.12287275,NaN,NaN,NaN,NaN,NaN,NaN,NaN,NaN,NaN,NaN,1,-0.008644345775807652,-0.0544109631340115,-0.04576661735820385
2024-08-05T10:05:00-04:00,5.920483809007526,6.03,5.920483809007526,6.0249999999999995,5.970907103474236,6.151791254620745,5.960404139536397,0,0,19747,19766,0,0,0,0,NaN,NaN,16.48711566938685,NaN,NaN,NaN,6.032101265173915,6.12287275,NaN,NaN,NaN,NaN,NaN,NaN,NaN,NaN,NaN,NaN,1,-0.00012874373921595295,-0.04592754703222379,-0.04579880329300784
2024-08-05T10:06:00-04:00,5.972741904503763,6.02,5.972741904503763,6.02,5.979833084660738,6.149779174397528,5.960789673631776,0,0,19747,19767,0,0,0,0,NaN,NaN,16.678257578652403,NaN,NaN,NaN,6.032101265173915,6.12287275,NaN,NaN,NaN,NaN,NaN,NaN,NaN,NaN,NaN,NaN,1,0.005313870230554005,-0.03915646550481533,-0.044470335735369335
2024-08-05T10:07:00-04:00,5.9963709522518815,6.02,5.9963709522518815,6.02,5.987136160176967,6.147797812956345,5.961170251639028,0,0,19747,19768,0,0,0,0,NaN,NaN,17.279184541834766,NaN,NaN,NaN,6.032101265173915,6.12287275,NaN,NaN,NaN,NaN,NaN,NaN,NaN,NaN,NaN,NaN,1,0.008852060929871577,-0.033405259573029866,-0.042257320502901444
2024-08-05T10:08:00-04:00,6.008185476125941,6.02,6.008185476125941,6.02,5.993111403781155,6.145846701308156,5.961916916804163,0,0,19747,19769,0,0,0,0,NaN,NaN,17.624503801409077,NaN,NaN,NaN,6.032101265173915,6.12287275,NaN,NaN,NaN,NaN,NaN,NaN,NaN,NaN,NaN,NaN,1,0.010990942577590798,-0.028518642280912943,-0.03950958485850374
2024-08-05T10:09:00-04:00,6.0140927380629705,6.02,6.0140927380629705,6.02,5.998000239457308,6.143925377624062,5.962283186719636,0,0,19747,19770,0,0,0,0,NaN,NaN,18.687126442646385,NaN,NaN,NaN,6.032101265173915,6.12287275,NaN,NaN,NaN,NaN,NaN,NaN,NaN,NaN,NaN,NaN,1,0.012115590129208521,-0.02436509719699309,-0.03648068732620161
2024-08-05T10:10:00-04:00,6.017046369031485,6.02,6.017046369031485,6.02,6.002000195919616,6.142033387125985,5.9626448662113045,0,0,19747,19771,0,0,0,0,NaN,NaN,19.334036996924812,NaN,NaN,NaN,6.032101265173915,6.12287275,NaN,NaN,NaN,NaN,NaN,NaN,NaN,NaN,NaN,NaN,1,0.012517965634684665,-0.020833230282845783,-0.03335119591753045
2024-08-05T10:11:00-04:00,6.018523184515742,6.02,6.018523184515742,6.02,6.005272887570595,6.140170281979024,5.963002041038734,0,0,19747,19772,0,0,0,0,NaN,NaN,19.71615303448654,NaN,NaN,NaN,6.032101265173915,6.12287275,NaN,NaN,NaN,NaN,NaN,NaN,NaN,NaN,NaN,NaN,1,0.012418010849678491,-0.017828682355432335,-0.030246693205110826
2024-08-05T10:12:00-04:00,6.019261592257871,6.02,6.019261592257871,6.02,6.007950544375942,6.13833562118545,5.963703209189322,0,0,19747,19773,0,0,0,0,NaN,NaN,20.24494983869975,NaN,NaN,NaN,6.032101265173915,6.12287275,NaN,NaN,NaN,NaN,NaN,NaN,NaN,NaN,NaN,NaN,1,0.01198014180671813,-0.015271515946713166,-0.027251657753431295
2024-08-05T10:13:00-04:00,6.0196307961289355,6.03,6.0196307961289355,6.0249999999999995,6.011050445398498,6.136605306358192,5.964448096670312,0,0,19747,19774,0,0,0,0,NaN,NaN,20.61869224026232,NaN,NaN,NaN,6.032101265173915,6.12287275,NaN,NaN,NaN,NaN,NaN,NaN,NaN,NaN,NaN,NaN,1,0.011645211624712722,-0.012695143222540395,-0.024340354847253116
2024-08-05T10:14:00-04:00,6.0223153980644675,6.0223153980644675,5.9902,5.9941,6.007968546235134,6.134429652826006,5.96480410463441,0,0,19747,19775,0,0,0,0,NaN,NaN,21.515175490718473,NaN,NaN,NaN,6.032101265173915,6.12287275,NaN,NaN,NaN,NaN,NaN,NaN,NaN,NaN,NaN,NaN,1,0.009074763196151775,-0.012996900852063398,-0.022071664048215173
2024-08-05T10:15:00-04:00,6.0082076990322335,6.07,6,6.035,6.012883356010565,6.132911642859196,5.966086561468647,0,0,19747,19776,0,0,0,0,NaN,NaN,22.865256262893784,NaN,NaN,NaN,6.032101265173915,6.12287275,NaN,NaN,NaN,NaN,NaN,NaN,NaN,NaN,NaN,NaN,1,0.009799307435074067,-0.009822529754372589,-0.019621837189446656
2024-08-05T10:16:00-04:00,6.021603849516117,6.07,6.021603849516117,6.07,6.02326820037228,6.131951159762109,5.966695381708461,0,0,19747,19777,0,0,0,0,NaN,NaN,22.310829369193527,NaN,NaN,NaN,6.032101265173915,6.12287275,NaN,NaN,NaN,NaN,NaN,NaN,NaN,NaN,NaN,NaN,1,0.012152248616737981,-0.004431526418524179,-0.01658377503526216
2024-08-05T10:17:00-04:00,6.0458019247580586,6.0796,6.0458019247580586,6.0674,6.0312921639409565,6.130965645872611,5.970907189973615,0,0,19747,19778,0,0,0,0,NaN,NaN,22.75408870281294,NaN,NaN,NaN,6.032101265173915,6.12287275,NaN,NaN,NaN,NaN,NaN,NaN,NaN,NaN,NaN,NaN,1,0.01297525079773699,-0.0003647115380909227,-0.013339962335827913
2024-08-05T10:18:00-04:00,6.056600962379029,6.07,6.056600962379029,6.07,6.038329952315328,6.130034872653182,5.971460379333445,0,0,19747,19779,0,0,0,0,NaN,NaN,23.000964829195944,NaN,NaN,NaN,6.032101265173915,6.12287275,NaN,NaN,NaN,NaN,NaN,NaN,NaN,NaN,NaN,NaN,1,0.013098452349350084,0.003033103100859691,-0.010065349248490393
2024-08-05T10:19:00-04:00,6.063300481189515,6.07,6.063300481189515,6.07,6.04408814280345,6.129118309711912,5.972007426580803,0,0,19747,19780,0,0,0,0,NaN,NaN,23.368399506741596,NaN,NaN,NaN,6.032101265173915,6.12287275,NaN,NaN,NaN,NaN,NaN,NaN,NaN,NaN,NaN,NaN,1,0.01258079404656329,0.00566064330971372,-0.00692015073684957
2024-08-05T10:20:00-04:00,6.0666502405947575,6.08,6.0666502405947575,6.08,6.050617571384641,6.128368411853715,5.972603642411528,0,0,19747,19781,0,0,0,0,NaN,NaN,22.5070298441657,NaN,NaN,NaN,6.032101265173915,6.12287275,NaN,NaN,NaN,NaN,NaN,NaN,NaN,NaN,NaN,NaN,1,0.01229809616989204,0.008452469475515478,-0.00384562669437656
2024-08-05T10:21:00-04:00,6.073325120297379,6.073325120297379,5.978,6.0408,6.048832558405615,6.127031489535337,5.97514111385744,0,0,19747,19782,0,0,0,0,NaN,NaN,22.65324411664498,NaN,NaN,NaN,6.032101265173915,6.12287275,NaN,NaN,NaN,NaN,NaN,NaN,NaN,NaN,NaN,NaN,1,0.00900962751755051,0.007416407702561578,-0.0015932198149889321
2024-08-05T10:22:00-04:00,6.057062560148689,6.2,6.04,6.12,6.061772093240958,6.126924138550065,5.984699124962765,0,0,19747,19783,0,0,0,0,NaN,NaN,21.88879855052607,NaN,NaN,NaN,6.032101265173915,6.12287275,NaN,NaN,NaN,NaN,NaN,NaN,NaN,NaN,NaN,NaN,1,0.011545063567606819,0.01283810964451959,0.0012930460769127725
2024-08-05T10:23:00-04:00,6.088531280074345,6.12,6.088531280074345,6.12,6.0723589853789655,6.126818426511132,5.985367541497876,0,0,19747,19784,0,0,0,0,NaN,NaN,20.342902601966074,NaN,NaN,NaN,6.032101265173915,6.12287275,NaN,NaN,NaN,NaN,NaN,NaN,NaN,NaN,NaN,NaN,1,0.012517226000433857,0.016939578577455094,0.004422352577021237
2024-08-05T10:24:00-04:00,6.104265640037172,6.195,6.104265640037172,6.1525,6.086930078946426,6.1272105116025655,5.992482252152114,0,0,19747,19785,0,0,0,0,NaN,NaN,17.923110886693408,NaN,NaN,NaN,6.032101265173915,6.12287275,NaN,NaN,NaN,NaN,NaN,NaN,NaN,NaN,NaN,NaN,1,0.014504141238517967,0.022552529125168697,0.008048387886650729
2024-08-05T10:25:00-04:00,6.128382820018587,6.128382820018587,6.09,6.09,6.087488246410712,6.126642412188786,5.993396109783525,0,0,19747,19786,0,0,0,0,NaN,NaN,19.031660249250244,NaN,NaN,NaN,6.032101265173915,6.12287275,NaN,NaN,NaN,NaN,NaN,NaN,NaN,NaN,NaN,NaN,1,0.010927190561459554,0.021707376088475172,0.010780185527015618
2024-08-05T10:26:00-04:00,6.109191410009293,6.2,6.109191410009293,6.2,6.1079449288814915,6.127762375361476,5.994359657447999,0,0,19747,19787,0,0,0,0,NaN,NaN,15.80220790416415,NaN,NaN,NaN,6.032101265173915,6.12287275,NaN,NaN,NaN,NaN,NaN,NaN,NaN,NaN,NaN,NaN,1,0.015034067914821429,0.029572770420542405,0.014538702505720976
2024-08-05T10:27:00-04:00,6.154595705004647,6.2,6.154595705004647,6.2,6.124682214539402,6.128865239859774,5.996260039506515,0,0,19747,19788,0,0,0,0,NaN,NaN,13.091886985571591,NaN,NaN,NaN,6.032101265173915,6.12287275,NaN,NaN,NaN,NaN,NaN,NaN,NaN,NaN,NaN,NaN,1,0.016687521818207166,0.03539810477847993,0.018710582960272767
2024-08-05T10:29:00-04:00,6.177297852502324,6.2,6.177297852502324,6.2,6.13837635735042,6.129951266732144,5.998125619219851,1,0,19789,19788,0,0,0,0,NaN,NaN,10.607594310752265,NaN,NaN,NaN,6.032101265173915,6.12287275,NaN,NaN,NaN,NaN,NaN,NaN,NaN,NaN,NaN,NaN,1,0.01667850641027805,0.03955871597312033,0.02288020956284228
2024-08-05T10:30:00-04:00,6.188648926251162,6.21,6.09,6.15,6.1404897469230715,6.130257354262951,6.011965703020972,0,0,19789,19788,0,0,0,0,NaN,NaN,10.352037348710825,NaN,NaN,NaN,6.032101265173915,6.12287275,NaN,NaN,NaN,NaN,NaN,NaN,NaN,NaN,NaN,NaN,1,0.01239906316727411,0.038379038521934916,0.025979975354660807
2024-08-05T10:32:00-04:00,6.169324463125581,6.21,6.169324463125581,6.21,6.1531279747552405,6.1314747992360354,6.013600188799934,0,0,19789,19788,0,0,0,0,NaN,NaN,8.27097162919089,NaN,NaN,NaN,6.032101265173915,6.12287275,NaN,NaN,NaN,NaN,NaN,NaN,NaN,NaN,NaN,NaN,1,0.012659017022335014,0.041803746632579575,0.02914472961024456
2024-08-05T10:33:00-04:00,6.1896622315627905,6.1896622315627905,6.17,6.17,6.156195615708834,6.1320629702400655,6.014242962970574,0,0,19789,19788,0,0,0,0,NaN,NaN,7.039510817654807,NaN,NaN,NaN,6.032101265173915,6.12287275,NaN,NaN,NaN,NaN,NaN,NaN,NaN,NaN,NaN,NaN,1,0.009339930982875576,0.04081964333883903,0.03147971235596345
2024-08-05T10:34:00-04:00,6.179831115781395,6.179831115781395,6.17,6.17,6.158705503761773,6.13264216153411,6.014880475401113,0,0,19789,19788,0,0,0,0,NaN,NaN,5.097808960183847,NaN,NaN,NaN,6.032101265173915,6.12287275,NaN,NaN,NaN,NaN,NaN,NaN,NaN,NaN,NaN,NaN,1,0.006482983010496317,0.03958344111908385,0.033100458108587534
2024-08-05T10:35:00-04:00,6.174915557890698,6.174915557890698,6.17,6.17,6.16075904853236,6.133212510212979,6.01551279043698,0,0,19789,19788,0,0,0,0,NaN,NaN,3.9978392449688926,NaN,NaN,NaN,6.032101265173915,6.12287275,NaN,NaN,NaN,NaN,NaN,NaN,NaN,NaN,NaN,NaN,1,0.004050684129401898,0.03816381327033991,0.03411312914093801
2024-08-05T10:36:00-04:00,6.172457778945349,6.172457778945349,6.15,6.16,6.160621039708294,6.133621479522704,6.017830891023584,0,0,19789,19788,0,0,0,0,NaN,NaN,3.4020853843769885,NaN,NaN,NaN,6.032101265173915,6.12287275,NaN,NaN,NaN,NaN,NaN,NaN,NaN,NaN,NaN,NaN,1,0.0013646432317589302,0.03581893318063667,0.03445428994887774
2024-08-05T10:37:00-04:00,6.1662288894726744,6.178,6.1662288894726744,6.174,6.16305357794315,6.134237945484189,6.019073681959255,0,0,19789,19788,0,0,0,0,NaN,NaN,2.4692497307829258,NaN,NaN,NaN,6.032101265173915,6.12287275,NaN,NaN,NaN,NaN,NaN,NaN,NaN,NaN,NaN,NaN,1,0.00018888208992947492,0.034690392561289585,0.03450151047136011
2024-08-05T10:39:00-04:00,6.170114444736337,6.18,6.08,6.1274999999999995,6.156589291044395,6.134135076087484,6.020457920218407,0,0,19789,19788,0,0,0,0,NaN,NaN,1.7591358690168761,NaN,NaN,NaN,6.032101265173915,6.12287275,NaN,NaN,NaN,NaN,NaN,NaN,NaN,NaN,NaN,NaN,1,-0.0038400287794879973,0.029701474497000113,0.03354150327648811
2024-08-05T10:40:00-04:00,6.148807222368168,6.18,6.148807222368168,6.18,6.160845783581777,6.134835303933477,6.021578081483792,1,0,19789,19788,0,0,0,0,NaN,NaN,0.890906441832118,NaN,NaN,NaN,6.032101265173915,6.12287275,NaN,NaN,NaN,NaN,NaN,NaN,NaN,NaN,NaN,NaN,1,-0.003119335537932623,0.029642333854072334,0.032761669392004956
2024-08-05T10:42:00-04:00,6.164403611184084,6.18,6.164403611184084,6.18,6.164328368385091,6.135524841278005,6.022193622994132,0,0,19789,19788,0,0,0,0,NaN,NaN,0.33563552655932,NaN,NaN,NaN,6.032101265173915,6.12287275,NaN,NaN,NaN,NaN,NaN,NaN,NaN,NaN,NaN,NaN,1,-0.002802780139112733,0.029258194218114042,0.032060974357226775
2024-08-05T10:44:00-04:00,6.172201805592042,6.21,6.172201805592042,6.195,6.169905028678711,6.1364328589684165,6.023526131588079,0,0,19789,19788,0,0,0,0,NaN,NaN,0.01365032550550094,NaN,NaN,NaN,6.032101265173915,6.12287275,NaN,NaN,NaN,NaN,NaN,NaN,NaN,NaN,NaN,NaN,1,-0.0017924718076119325,0.029820384597711858,0.03161285640532379
2024-08-05T10:46:00-04:00,6.183600902796021,6.21,6.183600902796021,6.21,6.1771950234643995,6.137556021426914,6.024242319583669,0,0,19789,19788,0,0,0,0,NaN,NaN,0.12460832045292417,NaN,NaN,NaN,6.032101265173915,6.12287275,NaN,NaN,NaN,NaN,NaN,NaN,NaN,NaN,NaN,NaN,1,-0.00039620920449742747,0.031117594899702006,0.03151380410419943
2024-08-05T10:47:00-04:00,6.19680045139801,6.24,6.19680045139801,6.225,6.185886837379964,6.138891044000548,6.025772659793421,0,0,19789,19788,0,0,0,0,NaN,NaN,0.7651840390925948,NaN,NaN,NaN,6.032101265173915,6.12287275,NaN,NaN,NaN,NaN,NaN,NaN,NaN,NaN,NaN,NaN,1,0.0011696707069398515,0.03297589248787425,0.031806221780934396
2024-08-05T10:49:00-04:00,6.210900225699005,6.210900225699005,6.21,6.21,6.190271048765425,6.139976676916571,6.027166368158262,0,0,19789,19788,0,0,0,0,NaN,NaN,1.6494006960334147,NaN,NaN,NaN,6.088755972000541,6.12287275,NaN,NaN,NaN,NaN,NaN,NaN,NaN,NaN,NaN,NaN,1,0.0008425816180776188,0.03285944880353142,0.0320168671854538
2024-08-05T10:51:00-04:00,6.210450112849502,6.25,6.21,6.23,6.197494494444438,6.141351078795707,6.028689314675075,0,0,19789,19788,0,0,0,0,NaN,NaN,3.1048266809363994,NaN,NaN,NaN,6.137026708640836,6.12287275,NaN,NaN,NaN,NaN,NaN,NaN,NaN,NaN,NaN,NaN,1,0.001577860602932829,0.03398919293911984,0.03241133233618701
2024-08-05T10:53:00-04:00,6.220225056424751,6.220225056424751,6.218,6.218,6.201222768181813,6.1425212913331775,6.029397362269513,0,0,19789,19788,0,0,0,0,NaN,NaN,4.404549213486445,NaN,NaN,NaN,6.137026708640836,6.12287275,NaN,NaN,NaN,NaN,NaN,NaN,NaN,NaN,NaN,NaN,1,0.0008947052698805996,0.03352971392353776,0.03263500865365716
2024-08-05T10:54:00-04:00,6.219112528212376,6.22,6.219112528212376,6.22,6.204636810330574,6.1437041723815256,6.030107585609419,0,0,19789,19788,0,0,0,0,NaN,NaN,6.534077660736225,NaN,NaN,NaN,6.137026708640836,6.12287275,NaN,NaN,NaN,NaN,NaN,NaN,NaN,NaN,NaN,NaN,1,0.00024972299657845254,0.032947162399380225,0.03269743940280177
2024-08-05T10:55:00-04:00,6.219556264106188,6.23,6.219556264106188,6.23,6.209248299361379,6.145021665932953,6.030849659390428,0,0,19789,19788,0,0,0,0,NaN,NaN,8.294416078304714,NaN,NaN,NaN,6.137026708640836,6.12287275,NaN,NaN,NaN,NaN,NaN,NaN,NaN,NaN,NaN,NaN,1,0.00017245003545990345,0.03291300194712665,0.03274055191166675
2024-08-05T10:57:00-04:00,6.224778132053094,6.31,6.224778132053094,6.31,6.227566790386582,6.147540419124816,6.031882134667307,0,0,19789,19788,0,0,0,0,NaN,NaN,12.02760621024805,NaN,NaN,NaN,6.137026708640836,6.12287275,NaN,NaN,NaN,NaN,NaN,NaN,NaN,NaN,NaN,NaN,1,0.0049219004678934045,0.0388929274965335,0.0339710270286401
2024-08-05T10:58:00-04:00,6.267389066026547,6.34,6.267389066026547,6.324999999999999,6.245281919407204,6.150249725703063,6.0340344852590215,0,0,19789,19788,0,0,0,0,NaN,NaN,15.389473000719441,NaN,NaN,NaN,6.137026708640836,6.12287275,NaN,NaN,NaN,NaN,NaN,NaN,NaN,NaN,NaN,NaN,1,0.008288307419558445,0.04433141130308815,0.03604310388352971
2024-08-05T10:59:00-04:00,6.296194533013273,6.34,6.296194533013273,6.34,6.262503388605894,6.1531466764556875,6.035153721147162,0,0,19789,19788,0,0,0,0,NaN,NaN,20.047860799449776,NaN,NaN,NaN,6.145644908733181,6.12287275,NaN,NaN,NaN,NaN,NaN,NaN,NaN,NaN,NaN,NaN,1,0.010592486167191509,0.0492837115925191,0.03869122542532759
2024-08-05T11:02:00-04:00,6.318097266506637,6.4,6.318097266506637,6.3725000000000005,6.282502772495731,6.156495582158654,6.0493280338870195,0,0,19789,19788,0,0,0,0,NaN,NaN,25.106613186930183,NaN,NaN,NaN,6.280062242754959,6.145725,NaN,NaN,NaN,NaN,NaN,NaN,NaN,NaN,NaN,NaN,1,0.013202758696085726,0.055194673795434746,0.04199191509934902
2024-08-05T11:11:00-04:00,6.345298633253319,6.38,6.345298633253319,6.38,6.300229541132871,6.159907863347072,6.0504827760511235,0,0,19789,19788,0,0,0,0,NaN,NaN,30.7665262294106,NaN,NaN,NaN,6.2877207945821505,6.156390749999999,NaN,NaN,NaN,NaN,NaN,NaN,NaN,NaN,NaN,NaN,1,0.014242516724663944,0.05979506100517895,0.04555254428051501
2024-08-05T11:12:00-04:00,6.362649316626659,6.37,6.362649316626659,6.37,6.312915079108713,6.163115376883757,6.051594681758073,0,0,19789,19788,0,0,0,0,NaN,NaN,35.690643599549865,NaN,NaN,NaN,6.2877207945821505,6.156390749999999,NaN,NaN,NaN,NaN,NaN,NaN,NaN,NaN,NaN,NaN,1,0.013094130162999311,0.06192020698426415,0.04882607682126484
2024-08-05T11:14:00-04:00,6.36632465831333,6.37,6.36632465831333,6.37,6.323294155634401,6.166273920748128,6.052698875537522,0,0,19789,19788,0,0,0,0,NaN,NaN,42.10650940151153,NaN,NaN,NaN,6.2877207945821505,6.156390749999999,NaN,NaN,NaN,NaN,NaN,NaN,NaN,NaN,NaN,NaN,1,0.011242789751622066,0.06287956401079242,0.051636774259170355
2024-08-05T11:16:00-04:00,6.3681623291566645,6.37,6.3681623291566645,6.37,6.331786127337237,6.169384242568767,6.053795437344483,0,0,19789,19788,0,0,0,0,NaN,NaN,50.01278457854589,NaN,NaN,NaN,6.2877207945821505,6.156390749999999,NaN,NaN,NaN,NaN,NaN,NaN,NaN,NaN,NaN,NaN,1,0.009022277217256298,0.06291462078074073,0.05389234356348443
2024-08-05T11:17:00-04:00,6.369081164578333,6.39,6.369081164578333,6.39,6.342370467821375,6.172752422071534,6.055632747035572,0,0,19789,19788,0,0,0,0,NaN,NaN,57.698858641073116,NaN,NaN,NaN,6.2877207945821505,6.175107304999999,NaN,NaN,NaN,NaN,NaN,NaN,NaN,NaN,NaN,NaN,1,0.007942567366085881,0.06382055277109178,0.055877985405005895
2024-08-05T11:19:00-04:00,6.379540582289167,6.379540582289167,6.368,6.368,6.347030382762943,6.175733301123877,6.056702681109778,0,0,19789,19788,0,0,0,0,NaN,NaN,64.38356993172677,NaN,NaN,NaN,6.2877207945821505,6.175107304999999,NaN,NaN,NaN,NaN,NaN,NaN,NaN,NaN,NaN,NaN,1,0.00493604611226911,0.06204804304534228,0.05711199693307317
2024-08-05T11:20:00-04:00,6.3737702911445835,6.4,6.3737702911445835,6.4,6.35666122226059,6.179157220190688,6.071638920650001,0,0,19789,19788,0,1,0,0,NaN,NaN,69.9197602435381,NaN,NaN,NaN,6.2877207945821505,6.199897647549999,NaN,NaN,NaN,NaN,NaN,NaN,NaN,NaN,NaN,NaN,1,0.004314347210585143,0.0625049309463046,0.05819058373571946
2024-08-05T11:21:00-04:00,6.3868851455722915,6.3868851455722915,6.36,6.36,6.357268272758665,6.181918178661059,6.0725805693433035,0,0,19789,19788,0,0,0,0,NaN,NaN,86.70175412405769,NaN,NaN,NaN,6.2877207945821505,6.199897647549999,NaN,NaN,NaN,NaN,NaN,NaN,NaN,NaN,NaN,NaN,1,0.0006152941763982872,0.05895970145621732,0.05834440727981903
2024-08-05T11:22:00-04:00,6.373442572786146,6.373442572786146,6.36,6.36,6.3577649504389075,6.184636985093714,6.073516088109884,0,0,19789,19788,0,0,0,0,NaN,NaN,86.71055040902911,NaN,NaN,NaN,6.2877207945821505,6.199897647549999,NaN,NaN,NaN,NaN,NaN,NaN,NaN,NaN,NaN,NaN,1,-0.0022673701645198885,0.05551019457416917,0.05777756473868906
2024-08-05T11:25:00-04:00,6.366721286393073,6.37,6.366721286393073,6.37,6.3599895049045605,6.18746695478694,6.074477979917593,0,0,19789,19788,0,0,0,0,NaN,NaN,87.93693303317853,NaN,NaN,NaN,6.2877207945821505,6.199897647549999,NaN,NaN,NaN,NaN,NaN,NaN,NaN,NaN,NaN,NaN,1,-0.0038438794270232446,0.05297271545491,0.05681659488193325
2024-08-05T11:31:00-04:00,6.368360643196537,6.39,6.33,6.359999999999999,6.359991413103732,6.190101047080269,6.076318691777068,0,0,19789,19788,0,0,0,0,NaN,NaN,89.03144971368495,NaN,NaN,NaN,6.2877207945821505,6.199897647549999,NaN,NaN,NaN,NaN,NaN,NaN,NaN,NaN,NaN,NaN,1,-0.00578666506780845,0.049583263547172685,0.055369928614981134
2024-08-05T11:33:00-04:00,6.364180321598268,6.4,6.364180321598268,6.390000000000001,6.365447519812144,6.193152939491257,6.082270334092274,0,0,19789,19788,0,0,0,0,NaN,NaN,90.13595465358183,NaN,NaN,NaN,6.2877207945821505,6.199897647549999,NaN,NaN,NaN,NaN,NaN,NaN,NaN,NaN,NaN,NaN,1,-0.005291286080039724,0.04875582101493148,0.0540471070949712
2024-08-05T11:37:00-04:00,6.377090160799135,6.4,6.377090160799135,6.4,6.371729788937209,6.196310909880704,6.084979927104561,0,0,19789,19788,0,0,0,0,NaN,NaN,91.02429743827265,NaN,NaN,NaN,6.2877207945821505,6.199897647549999,NaN,NaN,NaN,NaN,NaN,NaN,NaN,NaN,NaN,NaN,1,-0.004557974688364934,0.04834963873451503,0.052907613422879966
2024-08-05T11:39:00-04:00,6.388545080399568,6.388545080399568,6.31,6.31,6.360506190948626,6.198046621180235,6.086207819613345,0,0,19789,19788,0,0,0,0,NaN,NaN,91.38030700853885,NaN,NaN,NaN,6.2877207945821505,6.199897647549999,NaN,NaN,NaN,NaN,NaN,NaN,NaN,NaN,NaN,NaN,1,-0.010085351105797086,0.04030092454063361,0.050386275646430695
2024-08-05T11:40:00-04:00,6.349272540199784,6.44,6.349272540199784,6.44,6.374959610776148,6.20174056589504,6.087307577712154,0,0,19789,19788,0,0,0,0,NaN,NaN,92.02278809974678,NaN,NaN,NaN,6.2877207945821505,6.246309929843999,NaN,NaN,NaN,NaN,NaN,NaN,NaN,NaN,NaN,NaN,1,-0.005184178551828532,0.04390605245664503,0.04909023100847356
2024-08-05T11:41:00-04:00,6.394636270099892,6.488,6.394636270099892,6.488,6.395512408816849,6.206110938934811,6.088549264797024,0,0,19789,19788,0,0,0,0,NaN,NaN,92.48350000514995,NaN,NaN,NaN,6.2877207945821505,6.3029634403673995,NaN,NaN,NaN,NaN,NaN,NaN,NaN,NaN,NaN,NaN,1,0.0007752462572872265,0.05005928883008259,0.04928404257279537
2024-08-05T11:42:00-04:00,6.441318135049946,6.49,6.441318135049946,6.49,6.412691970850149,6.21044512307321,6.0897894586036445,0,0,19789,19788,0,0,0,0,NaN,NaN,92.96123603705853,NaN,NaN,NaN,6.2877207945821505,6.337450021101267,NaN,NaN,NaN,NaN,NaN,NaN,NaN,NaN,NaN,NaN,1,0.004148180703550809,0.05446926845223388,0.05032108774868307
2024-08-05T11:43:00-04:00,6.465659067524973,6.49,6.465659067524973,6.49,6.426747976150122,6.214713136461405,6.091022013396981,0,0,19789,19788,0,0,0,0,NaN,NaN,93.31773680914054,NaN,NaN,NaN,6.3566519900888245,6.337450021101267,NaN,NaN,NaN,NaN,NaN,NaN,NaN,NaN,NaN,NaN,1,0.005586048431291055,0.05730364828779688,0.05171759985650583
2024-08-05T11:44:00-04:00,6.4778295337624865,6.5,6.4778295337624865,6.5,6.440066525941009,6.219068661095583,6.093525704775022,0,0,19789,19788,0,0,0,0,NaN,NaN,93.75960805264026,NaN,NaN,NaN,6.409804684926433,6.375535516670001,NaN,NaN,NaN,NaN,NaN,NaN,NaN,NaN,NaN,NaN,1,0.006361123329941862,0.05966900401893316,0.053307880688991297
2024-08-05T11:45:00-04:00,6.488914766881243,6.63,6.488914766881243,6.5645,6.462690793951735,6.224342421994887,6.102019380072136,0,0,19789,19788,0,0,0,0,NaN,NaN,93.89362877416707,NaN,NaN,NaN,6.473521165712013,6.445396992669201,NaN,NaN,NaN,NaN,NaN,NaN,NaN,NaN,NaN,NaN,1,0.010143706208081929,0.0659875134490937,0.055843807241011775
2024-08-05T11:49:00-04:00,6.5267073834406215,6.7,6.5267073834406215,6.672499999999999,6.500837922324147,6.2311845224224465,6.121879453872932,0,0,19789,19788,0,0,0,0,NaN,NaN,92.96810466898293,NaN,NaN,NaN,6.580459749488555,6.546134804648516,NaN,NaN,NaN,NaN,NaN,NaN,NaN,NaN,NaN,NaN,1,0.018365996395520334,0.0788013027354122,0.06043530633989186
2024-08-05T11:57:00-04:00,6.5996036917203105,6.66,6.5996036917203105,6.654999999999999,6.528867390992484,6.237654987728974,6.138366173039077,0,0,19789,19788,0,0,0,0,NaN,NaN,92.70126369746318,NaN,NaN,NaN,6.580459749488555,6.546134804648516,NaN,NaN,NaN,NaN,NaN,NaN,NaN,NaN,NaN,NaN,1,0.020889006444726244,0.08654656439579966,0.06565755795107342
2024-08-05T11:58:00-04:00,6.6273018458601545,6.64,6.6273018458601545,6.64,6.549073319902941,6.243797659672043,6.139772491589571,0,0,19789,19788,0,0,0,0,NaN,NaN,92.4461947283765,NaN,NaN,NaN,6.580459749488555,6.546134804648516,NaN,NaN,NaN,NaN,NaN,NaN,NaN,NaN,NaN,NaN,1,0.019819491649281845,0.09043192251267573,0.07061243086339389
2024-08-05T12:08:00-04:00,6.633650922930077,6.65,6.63,6.640000000000001,6.565605443556952,6.249846550364073,6.1540763827614375,0,0,19789,19788,0,0,0,0,NaN,NaN,92.21088526197506,NaN,NaN,NaN,6.580459749488555,6.546134804648516,NaN,NaN,NaN,NaN,NaN,NaN,NaN,NaN,NaN,NaN,1,0.01746640993957385,0.0924454432878612,0.07497903334828734
2024-08-05T12:10:00-04:00,6.636825461465039,6.636825461465039,6.29,6.29,6.515495362910233,6.250459580129507,6.156261649919613,0,0,19789,19788,0,0,0,0,NaN,NaN,89.21817660805064,NaN,NaN,NaN,6.580459749488555,6.423875,NaN,NaN,NaN,NaN,NaN,NaN,NaN,NaN,NaN,NaN,1,-0.007943826031190843,0.0650492508092988,0.07299307684048964
2024-08-05T12:17:00-04:00,6.46341273073252,6.63,6.46341273073252,6.63,6.536314387835645,6.256254090356538,6.157527652993051,0,0,19789,19788,0,0,0,0,NaN,NaN,89.11394243190051,NaN,NaN,NaN,6.580459749488555,6.4651,NaN,NaN,NaN,NaN,NaN,NaN,NaN,NaN,NaN,NaN,1,-0.002421499422882639,0.06996620256188635,0.07238770198476899
2024-08-05T12:18:00-04:00,6.54670636536626,6.63,6.54670636536626,6.63,6.553348135501891,6.261960134778575,6.158786907649253,0,0,19789,19788,0,0,0,0,NaN,NaN,89.44827496928816,NaN,NaN,NaN,6.580459749488555,6.4651,NaN,NaN,NaN,NaN,NaN,NaN,NaN,NaN,NaN,NaN,1,0.0005067820496456737,0.07302117954682608,0.0725143974971804
2024-08-05T12:20:00-04:00,6.5883531826831305,6.72,6.5883531826831305,6.72,6.5836484745015476,6.268953109820123,6.160278702153109,0,0,19789,19788,0,0,0,0,NaN,NaN,89.32715142368258,NaN,NaN,NaN,6.580459749488555,6.5163969999999996,NaN,NaN,NaN,NaN,NaN,NaN,NaN,NaN,NaN,NaN,1,0.007398095617314887,0.08176201701882402,0.07436392140150913
2024-08-05T12:21:00-04:00,6.654176591341566,6.73,6.654176591341566,6.73,6.6102578427739935,6.275991993639663,6.161789097958642,0,0,19789,19788,0,0,0,0,NaN,NaN,89.28270832100895,NaN,NaN,NaN,6.580459749488555,6.533913180000001,NaN,NaN,NaN,NaN,NaN,NaN,NaN,NaN,NaN,NaN,1,0.011289832019148821,0.08847621142544515,0.07718637940629633
2024-08-05T12:23:00-04:00,6.692088295670783,6.89,6.692088295670783,6.882499999999999,6.659756416815085,6.285251657858905,6.182967932041582,0,0,19789,19788,0,0,0,0,NaN,NaN,87.96780874399911,NaN,NaN,NaN,6.580459749488555,6.634673493799999,NaN,NaN,NaN,NaN,NaN,NaN,NaN,NaN,NaN,NaN,1,0.02216576559507752,0.10489358640014323,0.08272782080506572
2024-08-05T12:29:00-04:00,6.787294147835391,6.787294147835391,6.745,6.745,6.675255250121434,6.292270716517548,6.184410445434012,0,0,19789,19788,0,0,0,0,NaN,NaN,88.14856439305036,NaN,NaN,NaN,6.607672548395916,6.634673493799999,NaN,NaN,NaN,NaN,NaN,NaN,NaN,NaN,NaN,NaN,1,0.01829148147307949,0.10559217264641507,0.08730069117333558
2024-08-05T12:30:00-04:00,6.766147073917695,6.8308,6.766147073917695,6.8308,6.703536113735718,6.300492537639418,6.189349492511843,0,0,19789,19788,0,0,0,0,NaN,NaN,87.95893889719608,NaN,NaN,NaN,6.730691384700856,6.634673493799999,NaN,NaN,NaN,NaN,NaN,NaN,NaN,NaN,NaN,NaN,1,0.019583937377071536,0.111780612894675,0.09219667551760347
2024-08-05T12:31:00-04:00,6.798473536958848,6.8,6.798473536958848,6.8,6.721075002147406,6.30811860576706,6.193980076209493,0,0,19789,19788,0,0,0,0,NaN,NaN,88.059478332899,NaN,NaN,NaN,6.730691384700856,6.634673493799999,NaN,NaN,NaN,NaN,NaN,NaN,NaN,NaN,NaN,NaN,1,0.016561277802950955,0.11289827277129216,0.09633699496834121
2024-08-05T12:33:00-04:00,6.799236768479424,6.799236768479424,6.645,6.645,6.70724318357515,6.313261833159929,6.195117235010841,0,0,19789,19788,0,0,0,0,NaN,NaN,88.09331157794661,NaN,NaN,NaN,6.730691384700856,6.634673493799999,NaN,NaN,NaN,NaN,NaN,NaN,NaN,NaN,NaN,NaN,1,0.0030285399061435875,0.1001226698510207,0.09709412994487711
2024-08-05T12:34:00-04:00,6.722118384239712,6.89,6.722118384239712,6.89,6.740471695652396,6.32206699601245,6.215523953183887,0,0,19789,19788,0,0,0,0,NaN,NaN,87.8436274994772,NaN,NaN,NaN,6.730691384700856,6.668612674544001,NaN,NaN,NaN,NaN,NaN,NaN,NaN,NaN,NaN,NaN,1,0.009137859885076857,0.10851645480122318,0.09937859491614633
2024-08-05T12:35:00-04:00,6.806059192119855,6.806059192119855,6.77,6.77,6.745840478261051,6.328905667829054,6.219565127423351,0,0,19789,19788,0,0,0,0,NaN,NaN,87.93510511041146,NaN,NaN,NaN,6.730691384700856,6.668612674544001,NaN,NaN,NaN,NaN,NaN,NaN,NaN,NaN,NaN,NaN,1,0.003923906237636027,0.10428347771319135,0.10035957147555533
2024-08-05T12:36:00-04:00,6.7880295960599275,6.8716,6.765,6.8183,6.7590149367590415,6.336377337022504,6.225327457172416,0,0,19789,19788,0,0,0,0,NaN,NaN,88.12271101009814,NaN,NaN,NaN,6.730691384700856,6.668612674544001,NaN,NaN,NaN,NaN,NaN,NaN,NaN,NaN,NaN,NaN,1,0.002617637559769709,0.10363161842526747,0.10101398086549776
2024-08-05T12:37:00-04:00,6.803164798029964,6.819,6.803164798029964,6.819,6.769921311893762,6.343745621953458,6.23238456980172,0,0,19789,19788,0,0,0,0,NaN,NaN,88.47351528894393,NaN,NaN,NaN,6.730691384700856,6.668612674544001,NaN,NaN,NaN,NaN,NaN,NaN,NaN,NaN,NaN,NaN,1,0.000785419955780825,0.1019957558102238,0.10121033585444297
2024-08-05T12:40:00-04:00,6.811082399014982,6.8899,6.775,6.829974999999999,6.7808401642767135,6.3511689712366115,6.244903339579162,0,0,19789,19788,0,0,0,0,NaN,NaN,88.77558360213641,NaN,NaN,NaN,6.730691384700856,6.668612674544001,NaN,NaN,NaN,NaN,NaN,NaN,NaN,NaN,NaN,NaN,1,-0.000626468006606748,0.10042725084618453,0.10105371885279128
2024-08-05T12:42:00-04:00,6.8205286995074905,6.8205286995074905,6.785,6.785,6.781596498044584,6.357792345721549,6.246157569899214,0,0,19789,19788,0,0,0,0,NaN,NaN,89.01402218414877,NaN,NaN,NaN,6.730691384700856,6.668612674544001,NaN,NaN,NaN,NaN,NaN,NaN,NaN,NaN,NaN,NaN,1,-0.005270058436044722,0.09446614580773538,0.0997362042437801
2024-08-05T12:44:00-04:00,6.802764349753746,6.9,6.802764349753746,6.895,6.802215316581932,6.365993989298319,6.263691474422702,0,0,19789,19788,0,0,0,0,NaN,NaN,89.20260201035636,NaN,NaN,NaN,6.730691384700856,6.7046957733624,NaN,NaN,NaN,NaN,NaN,NaN,NaN,NaN,NaN,NaN,1,-0.001793638700527067,0.09749415586812127,0.09928779456864834
2024-08-05T12:46:00-04:00,6.848882174876873,6.848882174876873,6.795,6.795,6.800903440839762,6.372543699385368,6.265784040577947,0,0,19789,19788,0,0,0,0,NaN,NaN,89.3728240511759,NaN,NaN,NaN,6.730691384700856,6.7046957733624,NaN,NaN,NaN,NaN,NaN,NaN,NaN,NaN,NaN,NaN,1,-0.006807614907695658,0.09077827593402876,0.09758589084172442
2024-08-05T12:50:00-04:00,6.821941087438436,6.821941087438436,6.805,6.805,6.801648269777987,6.379146085654293,6.266994863921136,0,0,19789,19788,0,0,0,0,NaN,NaN,89.36422923797018,NaN,NaN,NaN,6.730691384700856,6.7046957733624,NaN,NaN,NaN,NaN,NaN,NaN,NaN,NaN,NaN,NaN,1,-0.009844906936097436,0.08527975717160263,0.09512466410770007
2024-08-05T12:51:00-04:00,6.813470543719218,6.93,6.813470543719218,6.93,6.8249849480001705,6.387556069079419,6.2684803234154085,0,0,19789,19788,0,0,0,0,NaN,NaN,89.68454604413584,NaN,NaN,NaN,6.730691384700856,6.759600534157168,NaN,NaN,NaN,NaN,NaN,NaN,NaN,NaN,NaN,NaN,1,-0.0041225618756097065,0.08997146176318793,0.09409402363879764
2024-08-05T12:52:00-04:00,6.871735271859609,6.93,6.79,6.859999999999999,6.831351321091049,6.394768953520955,6.284331740329684,0,0,19789,19788,0,0,0,0,NaN,NaN,89.979121598464,NaN,NaN,NaN,6.730691384700856,6.759600534157168,NaN,NaN,NaN,NaN,NaN,NaN,NaN,NaN,NaN,NaN,1,-0.0056448690659954975,0.08703793730630327,0.09268280637229877
2024-08-05T12:58:00-04:00,6.8658676359298045,6.89,6.6331,6.74405,6.815478353619949,6.400101488581703,6.309989949663392,0,0,19789,19788,0,0,0,0,NaN,NaN,89.8870608140947,NaN,NaN,NaN,6.730691384700856,6.759600534157168,NaN,NaN,NaN,NaN,NaN,NaN,NaN,NaN,NaN,NaN,1,-0.014547737930559732,0.0744981339590991,0.08904587188965883
2024-08-05T12:59:00-04:00,6.804958817964902,6.82,6.804958817964902,6.82,6.816300471143594,6.406512152878166,6.311037779158875,0,0,19789,19788,0,0,0,0,NaN,NaN,89.81783001762857,NaN,NaN,NaN,6.730691384700856,6.759600534157168,NaN,NaN,NaN,NaN,NaN,NaN,NaN,NaN,NaN,NaN,1,-0.015330129846026427,0.0698832095821258,0.08521333942815222
2024-08-05T13:03:00-04:00,6.812479408982451,6.812479408982451,6.675,6.675,6.790609476390213,6.410611203979263,6.311784016258994,0,0,19789,19788,0,0,0,0,NaN,NaN,89.19607045720774,NaN,NaN,NaN,6.730691384700856,6.759600534157168,NaN,NaN,NaN,NaN,NaN,NaN,NaN,NaN,NaN,NaN,1,-0.025047322206156852,0.053904186670456156,0.07895150887661301
2024-08-05T13:10:00-04:00,6.743739704491226,6.9,6.743739704491226,6.885,6.807771389773811,6.417853781017747,6.322430312801834,0,0,19789,19788,0,0,0,0,NaN,NaN,89.75146423736608,NaN,NaN,NaN,6.730691384700856,6.759600534157168,NaN,NaN,NaN,NaN,NaN,NaN,NaN,NaN,NaN,NaN,1,-0.01714292453960567,0.05752285320210593,0.0746657777417116
2024-08-05T13:12:00-04:00,6.814369852245613,6.8639,6.814369852245613,6.8639,6.817976591633118,6.424663646956407,6.323517688669772,0,0,19789,19788,0,0,0,0,NaN,NaN,90.16564141410404,NaN,NaN,NaN,6.730691384700856,6.759600534157168,NaN,NaN,NaN,NaN,NaN,NaN,NaN,NaN,NaN,NaN,1,-0.013317207133917569,0.05801926882431463,0.0713364759582322
2024-08-05T13:15:00-04:00,6.8391349261228065,6.8391349261228065,6.685,6.685,6.793799029518006,6.428638247766234,6.325682426241615,0,0,19789,19788,0,0,0,0,NaN,NaN,88.93634439205972,NaN,NaN,NaN,6.730691384700856,6.759600534157168,NaN,NaN,NaN,NaN,NaN,NaN,NaN,NaN,NaN,NaN,1,-0.022288552668250167,0.0434757851229195,0.06576433779116966
2024-08-05T13:20:00-04:00,6.762067463061403,6.86,6.68,6.7675,6.789017387787459,6.433811709632398,6.3317709430860685,0,0,19789,19788,0,0,0,0,NaN,NaN,88.68614454783847,NaN,NaN,NaN,6.730691384700856,6.759600534157168,NaN,NaN,NaN,NaN,NaN,NaN,NaN,NaN,NaN,NaN,1,-0.022077819133747158,0.03816706387398572,0.060244883007732876
2024-08-05T13:22:00-04:00,6.764783731530701,6.764783731530701,6.67,6.67,6.767377862735194,6.437417637729613,6.333756787713322,0,0,19789,19788,0,0,0,0,NaN,NaN,87.13903845794314,NaN,NaN,NaN,6.730691384700856,6.759600534157168,NaN,NaN,NaN,NaN,NaN,NaN,NaN,NaN,NaN,NaN,1,-0.027559842996918056,0.025795079261585308,0.053354922258503364
2024-08-05T13:23:00-04:00,6.71739186576535,6.71739186576535,6.67,6.67,6.749672796783341,6.440968513489466,6.3357194494707745,0,0,19789,19788,0,0,0,0,NaN,NaN,85.4779930127972,NaN,NaN,NaN,6.730691384700856,6.759600534157168,NaN,NaN,NaN,NaN,NaN,NaN,NaN,NaN,NaN,NaN,1,-0.030037563481195934,0.015807967907008447,0.04584553138820438
2024-08-05T13:25:00-04:00,6.693695932882675,6.85,6.665,6.803749999999999,6.7595050155500065,6.446507162138482,6.342892881159474,0,0,19789,19788,0,0,0,0,NaN,NaN,85.01693428383832,NaN,NaN,NaN,6.730691384700856,6.759600534157168,NaN,NaN,NaN,NaN,NaN,NaN,NaN,NaN,NaN,NaN,1,-0.02189828438982666,0.018472675900921054,0.040370960290747715
2024-08-05T13:27:00-04:00,6.748722966441337,6.85,6.748722966441337,6.85,6.775958649086369,6.452667358136368,6.344471567925283,0,0,19789,19788,0,0,0,0,NaN,NaN,84.7316615874627,NaN,NaN,NaN,6.730691384700856,6.759600534157168,NaN,NaN,NaN,NaN,NaN,NaN,NaN,NaN,NaN,NaN,1,-0.013065285073747733,0.024039353948563047,0.03710463902231078
2024-08-05T13:30:00-04:00,6.799361483220668,6.84,6.7,6.77,6.774875258343393,6.457512131294591,6.346090808900472,0,0,19789,19788,0,0,0,0,NaN,NaN,83.79822407772947,NaN,NaN,NaN,6.730691384700856,6.759600534157168,NaN,NaN,NaN,NaN,NaN,NaN,NaN,NaN,NaN,NaN,1,-0.012287717409864667,0.021744992259979945,0.03403270966984461
2024-08-05T13:31:00-04:00,6.784680741610334,6.85,6.784680741610334,6.84,6.786716120462776,6.463351640740475,6.356215859874391,0,0,19789,19788,0,0,0,0,NaN,NaN,83.25534274708886,NaN,NaN,NaN,6.730691384700856,6.759600534157168,NaN,NaN,NaN,NaN,NaN,NaN,NaN,NaN,NaN,NaN,1,-0.006999243861567181,0.02528365484288564,0.03228289870445282
2024-08-05T13:33:00-04:00,6.812340370805167,6.812340370805167,6.71,6.71,6.77276773492409,6.467117264545964,6.356873952733494,0,0,19789,19788,0,0,0,0,NaN,NaN,81.45056602405052,NaN,NaN,NaN,6.730691384700856,6.759600534157168,NaN,NaN,NaN,NaN,NaN,NaN,NaN,NaN,NaN,NaN,1,-0.011908232488849747,0.017397608093390637,0.029305840582240384
2024-08-05T13:39:00-04:00,6.761170185402584,6.88,6.761170185402584,6.88,6.792264510392437,6.473420817759003,6.357845240813976,0,0,19789,19788,0,0,0,0,NaN,NaN,81.11681280084542,NaN,NaN,NaN,6.730691384700856,6.759600534157168,NaN,NaN,NaN,NaN,NaN,NaN,NaN,NaN,NaN,NaN,1,-0.003779015138623436,0.02458207165896109,0.028361086797584527
2024-08-05T13:40:00-04:00,6.820585092701291,6.84,6.820585092701291,6.84,6.800943690321085,6.479017446495506,6.358738798439554,0,0,19789,19788,0,0,0,0,NaN,NaN,80.46780607509845,NaN,NaN,NaN,6.730691384700856,6.759600534157168,NaN,NaN,NaN,NaN,NaN,NaN,NaN,NaN,NaN,NaN,1,-0.001296946141904693,0.02673990412020366,0.028036850262108354
2024-08-05T13:41:00-04:00,6.830292546350646,6.89,6.75,6.8525,6.810317564808161,6.484719470213132,6.36146882222304,0,0,19789,19788,0,0,0,0,NaN,NaN,79.86812129467813,NaN,NaN,NaN,6.730691384700856,6.759600534157168,NaN,NaN,NaN,NaN,NaN,NaN,NaN,NaN,NaN,NaN,1,0.000868868865076141,0.02912293634345353,0.02825406747837739
2024-08-05T13:42:00-04:00,6.841396273175323,6.9,6.841396273175323,6.890000000000001,6.8248052802975865,6.4909069592175115,6.364375021994537,0,0,19789,19788,0,0,0,0,NaN,NaN,79.48817253531647,NaN,NaN,NaN,6.730691384700856,6.759600534157168,NaN,NaN,NaN,NaN,NaN,NaN,NaN,NaN,NaN,NaN,1,0.00431638766418678,0.033649552058610865,0.029333164394424086
2024-08-05T13:47:00-04:00,6.865698136587662,7,6.865698136587662,6.9350000000000005,6.844840683879844,6.497687005641672,6.3672367842032305,0,0,19789,19788,0,0,0,0,NaN,NaN,79.26186656730435,NaN,NaN,NaN,6.730691384700856,6.7984094219841635,NaN,NaN,NaN,NaN,NaN,NaN,NaN,NaN,NaN,NaN,1,0.008855323495301479,0.04040231876355094,0.03154699526824946
2024-08-05T13:49:00-04:00,6.900349068293831,6.99,6.900349068293831,6.985,6.8703241959016905,6.505126898685311,6.37502362201534,0,0,19789,19788,0,0,0,0,NaN,NaN,79.20396240699269,NaN,NaN,NaN,6.730691384700856,6.862191160707964,NaN,NaN,NaN,NaN,NaN,NaN,NaN,NaN,NaN,NaN,1,0.014139305106906072,0.04922112665188205,0.03508182154497598
2024-08-05T13:55:00-04:00,6.942674534146915,6.98,6.85,6.915000000000001,6.87844706937411,6.511384503285535,6.376961313112282,0,0,19789,19788,0,0,0,0,NaN,NaN,78.75413133622922,NaN,NaN,NaN,6.730691384700856,6.862191160707964,NaN,NaN,NaN,NaN,NaN,NaN,NaN,NaN,NaN,NaN,1,0.011922925937794551,0.049985478967219166,0.038062553029424614
2024-08-05T13:57:00-04:00,6.928837267073458,7,6.9227,6.9613499999999995,6.893520329487909,6.51825420552545,6.380898063248502,0,0,19789,19788,0,0,0,0,NaN,NaN,78.52037759360762,NaN,NaN,NaN,6.730691384700856,6.862191160707964,NaN,NaN,NaN,NaN,NaN,NaN,NaN,NaN,NaN,NaN,1,0.012519662621115937,0.05371213130581953,0.041192468684703595
2024-08-05T13:59:00-04:00,6.945093633536729,6.99,6.945093633536729,6.98,6.909243905944653,6.525303759639565,6.3830258581652215,0,0,19789,19788,0,0,0,0,NaN,NaN,78.33742390221265,NaN,NaN,NaN,6.841706079349988,6.862191160707964,NaN,NaN,NaN,NaN,NaN,NaN,NaN,NaN,NaN,NaN,1,0.013052039767302057,0.05750751839383117,0.04445547862652911
2024-08-05T14:02:00-04:00,6.962546816768365,7,6.962546816768365,6.984999999999999,6.923017741227443,6.532322022851174,6.3955861754938095,0,0,19789,19788,0,0,0,0,NaN,NaN,78.24029572124999,NaN,NaN,NaN,6.868164255266586,6.862191160707964,NaN,NaN,NaN,NaN,NaN,NaN,NaN,NaN,NaN,NaN,1,0.012615310162850765,0.06022461633009257,0.04760930616724181
2024-08-05T14:04:00-04:00,6.973773408384182,6.973773408384182,6.81,6.81,6.902469061004271,6.536561381280927,6.396305494081093,0,0,19789,19788,0,0,0,0,NaN,NaN,76.55616621093276,NaN,NaN,NaN,6.868164255266586,6.862191160707964,NaN,NaN,NaN,NaN,NaN,NaN,NaN,NaN,NaN,NaN,1,0.00007812497848894845,0.04770696239035299,0.04762883741186404
2024-08-05T14:07:00-04:00,6.891886704192091,6.891886704192091,6.7568,6.7568,6.875983777185312,6.53992380294076,6.402818382277746,0,0,19789,19788,0,0,0,0,NaN,NaN,74.02829381675421,NaN,NaN,NaN,6.868164255266586,6.862191160707964,NaN,NaN,NaN,NaN,NaN,NaN,NaN,NaN,NaN,NaN,1,-0.011613357984136888,0.03311213993169293,0.04472549791582982
2024-08-05T14:11:00-04:00,6.8243433520960455,7,6.8243433520960455,6.98,6.894895817697074,6.54664252350655,6.413440408970755,0,0,19789,19788,0,0,0,0,NaN,NaN,73.96786379687103,NaN,NaN,NaN,6.868164255266586,6.862191160707964,NaN,NaN,NaN,NaN,NaN,NaN,NaN,NaN,NaN,NaN,1,-0.0044962128508045165,0.039105231852324174,0.04360144470312869
2024-08-05T14:13:00-04:00,6.902171676048023,6.902171676048023,6.89,6.89,6.894005669024878,6.551884622384313,6.41502968260188,0,0,19789,19788,0,0,0,0,NaN,NaN,73.12591790570838,NaN,NaN,NaN,6.868164255266586,6.862191160707964,NaN,NaN,NaN,NaN,NaN,NaN,NaN,NaN,NaN,NaN,1,-0.005940721048132085,0.03617554339296358,0.04211626444109567
2024-08-05T14:20:00-04:00,6.896085838024011,6.99,6.805,6.94125,6.902595547383991,6.5578291319662325,6.4185162016332065,0,0,19789,19788,0,0,0,0,NaN,NaN,72.61434583132495,NaN,NaN,NaN,6.868164255266586,6.862191160707964,NaN,NaN,NaN,NaN,NaN,NaN,NaN,NaN,NaN,NaN,1,-0.0036479990604909515,0.037556265615481976,0.04120426467597293
2024-08-05T14:21:00-04:00,6.918667919012005,6.99,6.918667919012005,6.9775,6.91621453876872,6.564236320791175,6.427624325832626,0,0,19789,19788,0,0,0,0,NaN,NaN,72.28498730109976,NaN,NaN,NaN,6.868164255266586,6.862191160707964,NaN,NaN,NaN,NaN,NaN,NaN,NaN,NaN,NaN,NaN,1,-0.00008199229971932176,0.04110177430132378,0.0411837666010431
2024-08-05T14:23:00-04:00,6.948083959506002,6.948083959506002,6.81,6.81,6.8969028044471345,6.567988438031005,6.4282463580979945,0,0,19789,19788,0,0,0,0,NaN,NaN,69.97770323801412,NaN,NaN,NaN,6.868164255266586,6.862191160707964,NaN,NaN,NaN,NaN,NaN,NaN,NaN,NaN,NaN,NaN,1,-0.008907513403532477,0.030049374846627508,0.038956888250159985
2024-08-05T14:25:00-04:00,6.879041979753001,6.879041979753001,6.81,6.81,6.881102294547656,6.571683271038165,6.4288663698596755,0,0,19789,19788,0,0,0,0,NaN,NaN,67.62649060997484,NaN,NaN,NaN,6.868164255266586,6.862191160707964,NaN,NaN,NaN,NaN,NaN,NaN,NaN,NaN,NaN,NaN,1,-0.014327394995026763,0.02104764450637653,0.03537503950140329
2024-08-05T14:28:00-04:00,6.8445209898765,6.99,6.8445209898765,6.98,6.899083695538991,6.5779171142284225,6.4333058403950245,0,0,19789,19788,0,0,0,0,NaN,NaN,67.11051663127178,NaN,NaN,NaN,6.868164255266586,6.862191160707964,NaN,NaN,NaN,NaN,NaN,NaN,NaN,NaN,NaN,NaN,1,-0.0064469106891146405,0.027316401140009994,0.033763311829124634
2024-08-05T14:29:00-04:00,6.91226049493825,6.91226049493825,6.805,6.805,6.881977569077356,6.581384028515012,6.434666133627607,0,0,19789,19788,0,0,0,0,NaN,NaN,64.42770445164903,NaN,NaN,NaN,6.868164255266586,6.862191160707964,NaN,NaN,NaN,NaN,NaN,NaN,NaN,NaN,NaN,NaN,1,-0.012645522922370766,0.017956408176161176,0.030601931098531942
2024-08-05T14:32:00-04:00,6.858630247469125,6.98,6.7,6.84,6.874345283790564,6.58533236395753,6.437251995614034,0,0,19789,19788,0,0,0,0,NaN,NaN,62.11203225231925,NaN,NaN,NaN,6.868164255266586,6.862191160707964,NaN,NaN,NaN,NaN,NaN,NaN,NaN,NaN,NaN,NaN,1,-0.013913167506587252,0.013210471715297878,0.02712363922188513
2024-08-05T14:33:00-04:00,6.849315123734563,6.849315123734563,6.835,6.835,6.867191595828643,6.5891440835917665,6.437885352308916,0,0,19789,19788,0,0,0,0,NaN,NaN,59.617382809709476,NaN,NaN,NaN,6.868164255266586,6.862191160707964,NaN,NaN,NaN,NaN,NaN,NaN,NaN,NaN,NaN,NaN,1,-0.014544720702930228,0.008942738343222345,0.023487459046152574
2024-08-05T14:34:00-04:00,6.842157561867282,6.99,6.842157561867282,6.98,6.88770221476889,6.595111349491129,6.440462759508715,0,0,19789,19788,0,0,0,0,NaN,NaN,58.88718037282983,NaN,NaN,NaN,6.868164255266586,6.862191160707964,NaN,NaN,NaN,NaN,NaN,NaN,NaN,NaN,NaN,NaN,1,-0.005138677145121399,0.017064112614750826,0.022202789759872225
2024-08-05T14:35:00-04:00,6.911078780933641,6.911078780933641,6.84,6.84,6.8790290848109095,6.598850107514165,6.44185091795641,0,0,19789,19788,0,0,0,0,NaN,NaN,56.26835071824055,NaN,NaN,NaN,6.868164255266586,6.862191160707964,NaN,NaN,NaN,NaN,NaN,NaN,NaN,NaN,NaN,NaN,1,-0.008110664851798434,0.01206445869512418,0.020175123546922615
2024-08-05T14:37:00-04:00,6.8755393904668205,6.97,6.8755393904668205,6.97,6.895569251208926,6.604516518086468,6.44268369796594,0,0,19789,19788,0,0,0,0,NaN,NaN,55.3637461176443,NaN,NaN,NaN,6.868164255266586,6.862191160707964,NaN,NaN,NaN,NaN,NaN,NaN,NaN,NaN,NaN,NaN,1,-0.0014359111695935664,0.018380234584930655,0.01981614575452422
2024-08-05T14:38:00-04:00,6.92276969523341,6.99,6.92276969523341,6.99,6.912738478261848,6.610401762085148,6.44354534201826,0,0,19789,19788,0,0,0,0,NaN,NaN,54.61693347396126,NaN,NaN,NaN,6.868164255266586,6.898524547316814,NaN,NaN,NaN,NaN,NaN,NaN,NaN,NaN,NaN,NaN,1,0.003918661221264812,0.024714472281105238,0.020795811059840425
2024-08-05T14:39:00-04:00,6.956384847616706,7.04,6.956384847616706,7.04,6.935876936759694,6.6169605138090395,6.4444828689877385,0,0,19789,19788,0,0,0,0,NaN,NaN,54.710629116218016,NaN,NaN,NaN,6.868164255266586,6.958467183121771,NaN,NaN,NaN,NaN,NaN,NaN,NaN,NaN,NaN,NaN,1,0.010070672515070708,0.03338415170367881,0.023313479188608103
2024-08-05T14:40:00-04:00,6.998192423808353,7.05,6.998192423808353,7.0287500000000005,6.952762948257932,6.623247376193635,6.4552727505901215,0,0,19789,19788,0,0,0,0,NaN,NaN,54.27487682844377,NaN,NaN,NaN,6.868164255266586,6.958467183121771,NaN,NaN,NaN,NaN,NaN,NaN,NaN,NaN,NaN,NaN,1,0.012468219457966744,0.03889875351106653,0.026430534053099787
2024-08-05T14:41:00-04:00,7.013471211904177,7.19,7.013471211904177,7.19,6.995896957665581,6.631900088007472,6.4564045454195345,0,0,19789,19788,0,0,0,0,NaN,NaN,54.25070767454206,NaN,NaN,NaN,6.868164255266586,7.085123012691586,NaN,NaN,NaN,NaN,NaN,NaN,NaN,NaN,NaN,NaN,1,0.023366986923609653,0.05563926770761185,0.0322722807840022
2024-08-05T14:42:00-04:00,7.101735605952088,7.19,6.95,7.1275,7.019824783544566,6.639466498877587,6.463563769678588,0,0,19789,19788,0,0,0,0,NaN,NaN,54.233984723196194,NaN,NaN,NaN,6.868164255266586,7.085123012691586,NaN,NaN,NaN,NaN,NaN,NaN,NaN,NaN,NaN,NaN,1,0.024690362947935487,0.06313523446892155,0.038444871520986065
2024-08-05T14:43:00-04:00,7.114617802976044,7.1694,7.114617802976044,7.1694,7.047020277445554,6.647557086680982,6.46677615599921,0,0,19789,19788,0,0,0,0,NaN,NaN,54.24376718257425,NaN,NaN,NaN,6.990035014523502,7.085123012691586,NaN,NaN,NaN,NaN,NaN,NaN,NaN,NaN,NaN,NaN,1,0.026548985336090528,0.07163110319109922,0.045082117855008694
2024-08-05T14:46:00-04:00,7.142008901488023,7.19,7.142008901488023,7.17315,7.069952954273635,6.655581405968295,6.472093874685697,0,0,19789,19788,0,0,0,0,NaN,NaN,54.2532039877499,NaN,NaN,NaN,7.044273515781375,7.085123012691586,NaN,NaN,NaN,NaN,NaN,NaN,NaN,NaN,NaN,NaN,1,0.02615050333630188,0.07777024702538604,0.05161974368908416
2024-08-05T14:47:00-04:00,7.157579450744011,7.157579450744011,6.985,6.985,7.05450696258752,6.660610697480229,6.472864964971359,0,0,19789,19788,0,0,0,0,NaN,NaN,53.033429856074534,NaN,NaN,NaN,7.044273515781375,7.085123012691586,NaN,NaN,NaN,NaN,NaN,NaN,NaN,NaN,NaN,NaN,1,0.012051989145000885,0.06668473012033527,0.05463274097533438
2024-08-05T14:50:00-04:00,7.071289725372006,7.15,6.985,7.067500000000001,7.056869333026153,6.666822747900379,6.475534802146159,0,0,19789,19788,0,0,0,0,NaN,NaN,53.5593359074507,NaN,NaN,NaN,7.044273515781375,7.085123012691586,NaN,NaN,NaN,NaN,NaN,NaN,NaN,NaN,NaN,NaN,1,0.007350409391509639,0.06382075271472143,0.05647034332321179
2024-08-05T14:52:00-04:00,7.0693948626860035,7.15,6.985,7.067500000000001,7.058802181566853,6.672939957856098,6.479057513352276,0,0,19789,19788,0,0,0,0,NaN,NaN,53.774561415548824,NaN,NaN,NaN,7.044273515781375,7.085123012691586,NaN,NaN,NaN,NaN,NaN,NaN,NaN,NaN,NaN,NaN,1,0.0035034003396403474,0.06084959374776222,0.05734619340812187
2024-08-05T14:55:00-04:00,7.068447431343002,7.12,7.068447431343002,7.12,7.0699290576456075,6.679765302010967,6.480009639095621,0,0,19789,19788,0,0,0,0,NaN,NaN,54.12705855104064,NaN,NaN,NaN,7.044273515781375,7.085123012691586,NaN,NaN,NaN,NaN,NaN,NaN,NaN,NaN,NaN,NaN,1,0.003736128611530977,0.06201635417253559,0.058280225561004616
2024-08-05T14:56:00-04:00,7.094223715671501,7.12,7.094223715671501,7.12,7.079032865346406,6.68648644243828,6.4828491189345865,0,0,19789,19788,0,0,0,0,NaN,NaN,54.380834674344584,NaN,NaN,NaN,7.044273515781375,7.085123012691586,NaN,NaN,NaN,NaN,NaN,NaN,NaN,NaN,NaN,NaN,1,0.003154814456455164,0.06222374363157357,0.059068929175118405
2024-08-05T14:57:00-04:00,7.107111857835751,7.107111857835751,6.97,6.97,7.059208708010695,6.690814893698764,6.483568511230562,0,0,19789,19788,0,0,0,0,NaN,NaN,54.671643148633095,NaN,NaN,NaN,7.044273515781375,7.0404,NaN,NaN,NaN,NaN,NaN,NaN,NaN,NaN,NaN,NaN,1,-0.007486092305584696,0.049711313793137535,0.05719740609872223
2024-08-05T14:59:00-04:00,7.038555928917875,7.05,7.038555928917875,7.044499999999999,7.056534397463296,6.6962146663140505,6.4957244445006275,0,0,19789,19788,0,0,0,0,NaN,NaN,53.92788778100508,NaN,NaN,NaN,7.044273515781375,7.0404,NaN,NaN,NaN,NaN,NaN,NaN,NaN,NaN,NaN,NaN,1,-0.009530215065532907,0.045284637266806094,0.054814852332339
2024-08-05T15:00:00-04:00,7.041527964458937,7.041527964458937,6.97,6.9775,7.042164507015424,6.700509098889409,6.499543018131001,0,0,19789,19788,0,0,0,0,NaN,NaN,52.03037957106904,NaN,NaN,NaN,7.044273515781375,7.0404,NaN,NaN,NaN,NaN,NaN,NaN,NaN,NaN,NaN,NaN,1,-0.015087362009824315,0.03595564982005861,0.051043011829882926
2024-08-05T15:03:00-04:00,7.0095139822294685,7.0095139822294685,6.93,6.9605250000000005,7.027320960285347,6.704478807303311,6.504626705576344,0,0,19789,19788,0,0,0,0,NaN,NaN,50.454923832098764,NaN,NaN,NaN,7.044273515781375,7.0334083750000005,NaN,NaN,NaN,NaN,NaN,NaN,NaN,NaN,NaN,NaN,1,-0.019328223846345437,0.026882732021951128,0.046210955868296565
2024-08-05T15:09:00-04:00,6.985019491114734,6.985019491114734,6.8,6.8,6.985989876597102,6.705937146123108,6.505044797092627,0,0,19789,19788,0,0,0,0,NaN,NaN,44.62898602879839,NaN,NaN,NaN,7.044273515781375,6.9439571225000005,NaN,NaN,NaN,NaN,NaN,NaN,NaN,NaN,NaN,NaN,1,-0.031638723402016004,0.006662551615776557,0.03830127501779256
2024-08-05T15:10:00-04:00,6.892509745557367,6.892509745557367,6.885,6.885,6.967628080852174,6.708670930151762,6.5071839436015075,0,0,19789,19788,0,0,0,0,NaN,NaN,44.27337829720281,NaN,NaN,NaN,7.044273515781375,6.9439571225000005,NaN,NaN,NaN,NaN,NaN,NaN,NaN,NaN,NaN,NaN,1,-0.032620835857022974,-0.0024747698034861543,0.03014606605353682
2024-08-05T15:13:00-04:00,6.888754872778684,7.03,6.8,6.9125,6.957604793424506,6.711782824347918,6.510016420095599,0,0,19789,19788,0,0,0,0,NaN,NaN,41.90140019088332,NaN,NaN,NaN,7.044273515781375,6.9439571225000005,NaN,NaN,NaN,NaN,NaN,NaN,NaN,NaN,NaN,NaN,1,-0.03004621697298738,-0.007411705162697402,0.022634511810289977
2024-08-05T15:17:00-04:00,6.900627436389342,7.03,6.900627436389342,7.0275,6.970313012801869,6.716602933899859,6.51217716324741,0,0,19789,19788,0,0,0,0,NaN,NaN,43.121629985615535,NaN,NaN,NaN,7.044273515781375,6.9439571225000005,NaN,NaN,NaN,NaN,NaN,NaN,NaN,NaN,NaN,NaN,1,-0.01972474657698254,-0.0020214214109381956,0.017703325166044344
2024-08-05T15:19:00-04:00,6.964063718194671,6.99,6.964063718194671,6.99,6.973892465019711,6.720776934909021,6.512841285720241,0,0,19789,19788,0,0,0,0,NaN,NaN,43.043471089744216,NaN,NaN,NaN,7.044273515781375,6.9439571225000005,NaN,NaN,NaN,NaN,NaN,NaN,NaN,NaN,NaN,NaN,1,-0.014776005313147073,-0.0007666814753894968,0.014009323837757576
2024-08-05T15:21:00-04:00,6.977031859097336,7.02,6.977031859097336,7.02,6.982275653197945,6.725345225979113,6.514947193347911,0,0,19789,19788,0,0,0,0,NaN,NaN,41.54426857843088,NaN,NaN,NaN,7.044273515781375,6.9439571225000005,NaN,NaN,NaN,NaN,NaN,NaN,NaN,NaN,NaN,NaN,1,-0.009112837964073184,0.002618276382666096,0.01173111434673928
2024-08-05T15:22:00-04:00,6.998515929548668,7.03,6.998515929548668,7.03,6.990952807161955,6.7299964439030955,6.5156591035688605,0,0,19789,19788,0,0,0,0,NaN,NaN,43.75615501834222,NaN,NaN,NaN,7.044273515781375,6.9439571225000005,NaN,NaN,NaN,NaN,NaN,NaN,NaN,NaN,NaN,NaN,1,-0.004554338051180143,0.006038191782764102,0.010592529833944245
2024-08-05T15:23:00-04:00,7.014257964774334,7.03,7.014257964774334,7.03,6.998052296768872,6.734576650866407,6.51636904848995,0,0,19789,19788,0,0,0,0,NaN,NaN,43.52653291579304,NaN,NaN,NaN,7.044273515781375,6.9439571225000005,NaN,NaN,NaN,NaN,NaN,NaN,NaN,NaN,NaN,NaN,1,-0.001554982764827557,0.008648801377909798,0.010203784142737355
2024-08-05T15:24:00-04:00,7.0221289823871675,7.0221289823871675,6.89,6.93,6.985679151901804,6.737560213448599,6.518640248531187,0,0,19789,19788,0,0,0,0,NaN,NaN,42.010802880601034,NaN,NaN,NaN,7.044273515781375,6.9439571225000005,NaN,NaN,NaN,NaN,NaN,NaN,NaN,NaN,NaN,NaN,1,-0.006068322546555458,0.002618380959543032,0.00868670350609849
2024-08-05T15:25:00-04:00,6.976064491193584,7.02,6.976064491193584,7.02,6.991919306101476,6.7418722712585435,6.5193275322832696,0,0,19789,19788,0,0,0,0,NaN,NaN,42.26700990855278,NaN,NaN,NaN,7.044273515781375,6.9439571225000005,NaN,NaN,NaN,NaN,NaN,NaN,NaN,NaN,NaN,NaN,1,-0.0029146902626321393,0.005043340677808317,0.007958030940440456
2024-08-05T15:26:00-04:00,6.998032245596791,7.02,6.998032245596791,7.02,6.997024886810299,6.746118496124825,6.52069646230929,0,0,19789,19788,0,0,0,0,NaN,NaN,42.62962644955584,NaN,NaN,NaN,7.044273515781375,6.9439571225000005,NaN,NaN,NaN,NaN,NaN,NaN,NaN,NaN,NaN,NaN,1,-0.0008578136122442213,0.00688576392513518,0.007743577537379401
2024-08-05T15:27:00-04:00,7.009016122798395,7.01,7.009016122798395,7.01,6.9993839982993356,6.750147221374828,6.522030659663521,0,0,19789,19788,0,0,0,0,NaN,NaN,41.95235594833607,NaN,NaN,NaN,7.044273515781375,6.9439571225000005,NaN,NaN,NaN,NaN,NaN,NaN,NaN,NaN,NaN,NaN,1,-0.00023240852554600854,0.00745306688044689,0.007685475405992899
2024-08-05T15:29:00-04:00,7.009508061399197,7.02,7.009508061399197,7.015,7.00222327133582,6.754190775246968,6.523698517942306,0,0,19789,19788,0,0,0,0,NaN,NaN,43.39911174881902,NaN,NaN,NaN,7.044273515781375,6.9439571225000005,NaN,NaN,NaN,NaN,NaN,NaN,NaN,NaN,NaN,NaN,1,0.00042078781247192713,0.008211460171582807,0.00779067235911088
2024-08-05T15:30:00-04:00,7.012254030699598,7.012254030699598,6.98,6.98,6.998182676547489,6.757638244327167,6.524935157594481,0,0,19789,19788,0,0,0,0,NaN,NaN,42.12539842598526,NaN,NaN,NaN,7.044273515781375,6.9439571225000005,NaN,NaN,NaN,NaN,NaN,NaN,NaN,NaN,NaN,NaN,1,-0.0014965040762308108,0.005920042263822367,0.007416546340053178
2024-08-05T15:31:00-04:00,6.996127015349799,6.996127015349799,6.98,6.98,6.994876735357036,6.7610330802916385,6.52555096722465,0,0,19789,19788,0,0,0,0,NaN,NaN,40.92487936540317,NaN,NaN,NaN,7.044273515781375,6.9439571225000005,NaN,NaN,NaN,NaN,NaN,NaN,NaN,NaN,NaN,NaN,1,-0.0026873915087093376,0.004057306954166506,0.006744698462875844
2024-08-05T15:32:00-04:00,6.9880635076749,6.9880635076749,6.97,6.97,6.990353692564848,6.764223414943674,6.526151598375608,0,0,19789,19788,0,0,0,0,NaN,NaN,42.051265742307926,NaN,NaN,NaN,7.044273515781375,6.9439571225000005,NaN,NaN,NaN,NaN,NaN,NaN,NaN,NaN,NaN,NaN,1,-0.003992605943086504,0.0017539410340177142,0.005746546977104218
2024-08-05T15:33:00-04:00,6.97903175383745,7.01,6.81,6.909999999999999,6.97574393028033,6.7664490116620915,6.52770151991332,0,0,19789,19788,0,0,0,0,NaN,NaN,40.0966859787478,NaN,NaN,NaN,7.044273515781375,6.9439571225000005,NaN,NaN,NaN,NaN,NaN,NaN,NaN,NaN,NaN,NaN,1,-0.008482840064274485,-0.004857003103238888,0.0036258369610355965
2024-08-05T15:34:00-04:00,6.944515876918725,7.01,6.944515876918725,7.01,6.981972306592997,6.770167347361907,6.528996333073814,0,0,19789,19788,0,0,0,0,NaN,NaN,38.53359697525022,NaN,NaN,NaN,7.044273515781375,6.9439571225000005,NaN,NaN,NaN,NaN,NaN,NaN,NaN,NaN,NaN,NaN,1,-0.004503837009442805,-0.00200395930076791,0.002499877708674895
2024-08-05T15:36:00-04:00,6.9772579384593625,7,6.82,6.91,6.968886432666998,6.772302197020504,6.53052448393652,0,0,19789,19788,0,0,0,0,NaN,NaN,35.71430769534366,NaN,NaN,NaN,7.044273515781375,6.9439571225000005,NaN,NaN,NaN,NaN,NaN,NaN,NaN,NaN,NaN,NaN,1,-0.008178333692152519,-0.007723039406515753,0.0004552942856367657
2024-08-05T15:37:00-04:00,6.943628969229682,7,6.943628969229682,7,6.9745434449093615,6.775778499356068,6.531776468725415,0,0,19789,19788,0,0,0,0,NaN,NaN,33.238112661975876,NaN,NaN,NaN,7.044273515781375,6.9439571225000005,NaN,NaN,NaN,NaN,NaN,NaN,NaN,NaN,NaN,NaN,1,-0.00431327634735042,-0.004936301148551259,-0.0006230248012008392
2024-08-05T15:39:00-04:00,6.971814484614841,7.01,6.971814484614841,7.01,6.980990091289478,6.779354400129258,6.532413276495731,0,0,19789,19788,0,0,0,0,NaN,NaN,33.626152420157766,NaN,NaN,NaN,7.044273515781375,6.9439571225000005,NaN,NaN,NaN,NaN,NaN,NaN,NaN,NaN,NaN,NaN,1,-0.001020767572388572,-0.0018989842666865542,-0.0008782166942979822
2024-08-05T15:41:00-04:00,6.99090724230742,7,6.99090724230742,7,6.984446438327755,6.782723035241789,6.533035092157931,0,0,19789,19788,0,0,0,0,NaN,NaN,33.33806267083693,NaN,NaN,NaN,7.044273515781375,6.9439571225000005,NaN,NaN,NaN,NaN,NaN,NaN,NaN,NaN,NaN,NaN,1,0.0004662533599342107,-0.0002953999943802188,-0.0007616533543144295
2024-08-05T15:42:00-04:00,6.99545362115371,6.99545362115371,6.84,6.915000000000001,6.971819813177254,6.784742530886953,6.5340483019881415,0,0,19789,19788,0,0,0,0,NaN,NaN,28.832794943076472,NaN,NaN,NaN,7.044273515781375,6.9439571225000005,NaN,NaN,NaN,NaN,NaN,NaN,NaN,NaN,NaN,NaN,1,-0.004043710075900727,-0.005816290949190339,-0.0017725808732896116
2024-08-05T15:43:00-04:00,6.955226810576855,7.02,6.955226810576855,7.02,6.980579847145027,6.788334247972648,6.534691972197569,0,0,19789,19788,0,0,0,0,NaN,NaN,27.29125350970027,NaN,NaN,NaN,7.044273515781375,6.9439571225000005,NaN,NaN,NaN,NaN,NaN,NaN,NaN,NaN,NaN,NaN,1,0.00005852516144229771,-0.0016994244214867393,-0.001757949582929037
2024-08-05T15:44:00-04:00,6.987613405288427,6.987613405288427,6.88,6.88,6.962292602209567,6.7897337251028365,6.535148746974085,0,0,19789,19788,0,0,0,0,NaN,NaN,21.777174130746342,NaN,NaN,NaN,7.044273515781375,6.9439571225000005,NaN,NaN,NaN,NaN,NaN,NaN,NaN,NaN,NaN,NaN,1,-0.006291787294653636,-0.009622683701246082,-0.003330896406592446
2024-08-05T15:45:00-04:00,6.933806702644214,7.02,6.933806702644214,7.012499999999999,6.9714212199896455,6.793134736933328,6.538285212623361,0,0,19789,19788,0,0,0,0,NaN,NaN,19.123019426414682,NaN,NaN,NaN,7.044273515781375,6.9439571225000005,NaN,NaN,NaN,NaN,NaN,NaN,NaN,NaN,NaN,NaN,1,-0.0014560066268999592,-0.005150904690217395,-0.0036948980633174358
2024-08-05T15:48:00-04:00,6.9731533513221065,6.975,6.9731533513221065,6.975,6.972071907264255,6.7959113058351095,6.539429988400591,0,0,19789,19788,0,0,0,0,NaN,NaN,16.975259264364638,NaN,NaN,NaN,7.044273515781375,6.9439571225000005,NaN,NaN,NaN,NaN,NaN,NaN,NaN,NaN,NaN,NaN,1,-0.0007081834284853325,-0.004580127348924101,-0.0038719439204387687
2024-08-05T15:49:00-04:00,6.974076675661053,7.03,6.92,6.975,6.972604287761664,6.798645484371978,6.540568778187379,0,0,19789,19788,0,0,0,0,NaN,NaN,15.454861620070695,NaN,NaN,NaN,7.044273515781375,6.9439571225000005,NaN,NaN,NaN,NaN,NaN,NaN,NaN,NaN,NaN,NaN,1,-0.00016703841628933416,-0.004080741940800436,-0.003913703524511102
2024-08-05T15:50:00-04:00,6.974538337830526,7.028,6.97,7.004499999999999,6.9784035081686335,6.801788301404467,6.5494908756106,0,0,19789,19788,0,0,0,0,NaN,NaN,13.430188750811414,NaN,NaN,NaN,7.044273515781375,6.9439571225000005,NaN,NaN,NaN,NaN,NaN,NaN,NaN,NaN,NaN,NaN,1,0.002099198794027543,-0.0012897050319766734,-0.0033889038260042164
2024-08-05T15:51:00-04:00,6.989519168915263,7.01,6.989519168915263,7.0075,6.9836937794107,6.804928938024246,6.552524164512143,0,0,19789,19788,0,0,0,0,NaN,NaN,12.262307035979887,NaN,NaN,NaN,7.044273515781375,6.9439571225000005,NaN,NaN,NaN,NaN,NaN,NaN,NaN,NaN,NaN,NaN,1,0.003631937884349241,0.001151018529432335,-0.002480919354916906
2024-08-05T15:52:00-04:00,6.998509584457631,6.998509584457631,6.9,6.94,6.975749455881482,6.806991091642197,6.557747956087447,0,0,19789,19788,0,0,0,0,NaN,NaN,8.633574923328483,NaN,NaN,NaN,7.044273515781375,6.9439571225000005,NaN,NaN,NaN,NaN,NaN,NaN,NaN,NaN,NaN,NaN,1,0.0001171626271819601,-0.002334466070939456,-0.002451628698121416
2024-08-05T15:53:00-04:00,6.969254792228815,7,6.969254792228815,7,6.980158645721213,6.809937792533156,6.55830292163383,0,0,19789,19788,0,0,0,0,NaN,NaN,7.855823728938602,NaN,NaN,NaN,7.044273515781375,6.9439571225000005,NaN,NaN,NaN,NaN,NaN,NaN,NaN,NaN,NaN,NaN,1,0.0017594385899084883,-0.00025233046073580567,-0.002011769050644294
2024-08-05T15:54:00-04:00,6.984627396114408,7.01,6.984627396114408,6.9975000000000005,6.983311619226447,6.812801337685322,6.559966526133536,0,0,19789,19788,0,0,0,0,NaN,NaN,6.563732328191171,NaN,NaN,NaN,7.044273515781375,6.9439571225000005,NaN,NaN,NaN,NaN,NaN,NaN,NaN,NaN,NaN,NaN,1,0.0025553494238332664,0.0011824177291472893,-0.0013729316946859771
2024-08-05T15:55:00-04:00,6.991063698057204,7,6.991063698057204,7,6.986345870276184,6.815659332529821,6.560515929294694,0,0,19789,19788,0,0,0,0,NaN,NaN,5.4696601351069045,NaN,NaN,NaN,7.044273515781375,6.9439571225000005,NaN,NaN,NaN,NaN,NaN,NaN,NaN,NaN,NaN,NaN,1,0.0030923161916058656,0.002492463544821355,-0.0005998526467845106
2024-08-05T15:56:00-04:00,6.995531849028602,6.995531849028602,6.895,6.9375,6.977464802953241,6.817519495391961,6.561454950307,0,0,19789,19788,0,0,0,0,NaN,NaN,4.072539383223864,NaN,NaN,NaN,7.044273515781375,6.9439571225000005,NaN,NaN,NaN,NaN,NaN,NaN,NaN,NaN,NaN,NaN,1,-0.0007163630122292503,-0.0014953064120710735,-0.0007789433998418232
2024-08-05T15:57:00-04:00,6.966515924514301,6.97,6.91,6.94,6.970653020598107,6.819389426760023,6.563331420631281,0,0,19789,19788,0,0,0,0,NaN,NaN,3.295057072749762,NaN,NaN,NaN,7.044273515781375,6.9439571225000005,NaN,NaN,NaN,NaN,NaN,NaN,NaN,NaN,NaN,NaN,1,-0.0028993707801464653,-0.004403156875024905,-0.0015037860948784398
2024-08-05T15:58:00-04:00,6.953257962257151,6.953257962257151,6.95,6.95,6.966897925943906,6.821383481313305,6.564287420728616,0,0,19789,19788,0,0,0,0,NaN,NaN,3.162369130120556,NaN,NaN,NaN,7.044273515781375,6.9439571225000005,NaN,NaN,NaN,NaN,NaN,NaN,NaN,NaN,NaN,NaN,1,-0.003463761580955187,-0.0058334880710724235,-0.0023697264901172367
2024-08-05T15:59:00-04:00,6.951628981128575,7.03,6.9416,6.9858,6.970334666681378,6.823893657171117,6.571120737053972,0,0,19789,19788,0,0,0,0,NaN,NaN,2.7265578258683605,NaN,NaN,NaN,7.044273515781375,6.9439571225000005,NaN,NaN,NaN,NaN,NaN,NaN,NaN,NaN,NaN,NaN,1,-0.0013296579864249514,-0.004031798973148426,-0.0027021409867234746
2024-08-05T16:00:00-04:00,6.968714490564288,7.03,6.968714490564288,7.03,6.981182909102945,6.827040318893695,6.581447279746549,0,0,19789,19788,0,0,0,0,NaN,NaN,3.0980331957066993,NaN,NaN,NaN,7.044273515781375,6.9439571225000005,NaN,NaN,NaN,NaN,NaN,NaN,NaN,NaN,NaN,NaN,1,0.0029230353152972528,0.0009516531573980913,-0.0019713821578991614
2024-08-05T17:45:00-04:00,6.999357245282145,7.03,6.78,6.905,6.967331471084228,6.828230543032722,6.583359100497524,0,0,19789,19788,0,0,0,0,NaN,NaN,2.4707682435410545,NaN,NaN,NaN,7.044273515781375,6.9439571225000005,NaN,NaN,NaN,NaN,NaN,NaN,NaN,NaN,NaN,NaN,1,-0.0025239245152364185,-0.0051262878019446845,-0.002602363286708266
2024-08-06T09:30:00-04:00,6.952178622641073,7.02,6.952178622641073,7.015,6.975998476341641,6.831081985123826,7.015,0,0,19789,19788,0,0,0,0,NaN,NaN,2.9172491766868642,NaN,NaN,NaN,7.044273515781375,6.9439571225000005,NaN,NaN,NaN,NaN,NaN,NaN,NaN,NaN,NaN,NaN,1,0.0012380031510890186,-0.0010548593478469925,-0.002292862498936011
2024-08-06T09:52:00-04:00,6.983589311320536,6.983589311320536,6.7069,6.7069,6.9270714806431615,6.829186076953997,6.981444554455446,0,0,19789,19788,0,0,0,0,NaN,NaN,0.248944106192331,NaN,NaN,NaN,7.044273515781375,6.880261481475001,NaN,NaN,NaN,NaN,NaN,NaN,NaN,NaN,NaN,NaN,1,-0.016110310271679393,-0.022430750338535255,-0.00632044006685586
2024-08-06T09:59:00-04:00,6.845244655660268,6.95,6.845244655660268,6.93,6.9276039387080415,6.830725220817294,6.9717900804289545,0,0,19789,19788,0,0,0,0,NaN,NaN,0.04222658846320509,NaN,NaN,NaN,7.044273515781375,6.880261481475001,NaN,NaN,NaN,NaN,NaN,NaN,NaN,NaN,NaN,NaN,1,-0.011844024903577548,-0.021125471196327794,-0.009281446292750246
2024-08-06T10:02:00-04:00,6.887622327830134,7.02,6.887622327830134,7.02,6.944403222579306,6.833614912102527,6.984021008403362,1,0,19789,19788,0,0,0,0,7.02,NaN,0.005624528933317744,NaN,NaN,NaN,7.044273515781375,6.880261481475001,NaN,NaN,NaN,NaN,NaN,NaN,NaN,NaN,NaN,NaN,1,-0.0027209096119965755,-0.012682583307745965,-0.00996167369574939
2024-08-06T10:40:00-04:00,6.953811163915066,6.953811163915066,6.92,6.92,6.939966273019433,6.834933768406305,6.963251824817519,0,0,19789,19788,0,0,0,0,NaN,NaN,0.22294516066925113,NaN,NaN,NaN,7.044273515781375,6.880261481475001,NaN,NaN,NaN,NaN,NaN,NaN,NaN,NaN,NaN,NaN,1,-0.0031510308175947046,-0.01390046221774277,-0.010749431400148066
2024-08-06T11:07:00-04:00,6.936905581957533,7.09,6.936905581957533,7.09,6.967245132470445,6.838827909346667,6.96658818110029,1,0,19789,19788,0,0,0,0,NaN,NaN,0.06868126524995913,NaN,NaN,NaN,7.044273515781375,6.921436,NaN,NaN,NaN,NaN,NaN,NaN,NaN,NaN,NaN,NaN,1,0.007691563149051379,-0.0011349774638338417,-0.00882654061288522
2024-08-06T11:15:00-04:00,7.013452790978766,7.095,7.013452790978766,7.0925,6.9900187447485465,6.842700765692519,6.983761877699478,0,0,19789,19788,0,0,0,0,NaN,NaN,0.0015039086360407313,NaN,NaN,NaN,7.044273515781375,6.9277804199999995,NaN,NaN,NaN,NaN,NaN,NaN,NaN,NaN,NaN,NaN,1,0.014324300586888303,0.00907883512072516,-0.005245465466163144
2024-08-06T11:41:00-04:00,7.052976395489383,7.052976395489383,6.885,6.949999999999999,6.98274260933972,6.844338921941488,6.967588642823306,0,0,19789,19788,0,0,0,0,NaN,NaN,0.27495950917925643,NaN,NaN,NaN,7.044273515781375,6.9277804199999995,NaN,NaN,NaN,NaN,NaN,NaN,NaN,NaN,NaN,NaN,1,0.008684473222264646,0.005610126061667664,-0.003074347160596982
2024-08-06T11:42:00-04:00,7.001488197744691,7.001488197744691,6.91,6.915,6.970425771277953,6.845417717026351,6.966371876446089,0,0,19789,19788,0,0,0,0,NaN,NaN,1.498391524245096,NaN,NaN,NaN,7.044273515781375,6.9277804199999995,NaN,NaN,NaN,NaN,NaN,NaN,NaN,NaN,NaN,NaN,1,0.0024886942576124423,0.00003652066141857091,-0.0024521735961938714
2024-08-06T11:48:00-04:00,6.9582440988723455,6.9582440988723455,6.92,6.92,6.961257449227416,6.846556377835109,6.965841548490393,0,0,19789,19788,0,0,0,0,NaN,NaN,1.9882844305723457,NaN,NaN,NaN,7.044273515781375,6.9277804199999995,NaN,NaN,NaN,NaN,NaN,NaN,NaN,NaN,NaN,NaN,1,-0.0011837171129168511,-0.003931819987339935,-0.002748102874423084
2024-08-06T12:08:00-04:00,6.939122049436173,7,6.939122049436173,7,6.968301549367886,6.848899028555183,6.96622778154681,1,0,19789,19788,0,0,0,0,NaN,NaN,3.746357945601883,NaN,NaN,NaN,7.044273515781375,6.9277804199999995,NaN,NaN,NaN,NaN,NaN,NaN,NaN,NaN,NaN,NaN,1,0.001707006028277574,-0.0006143453390761167,-0.0023213513673536906
2024-08-06T12:16:00-04:00,6.969561024718086,6.969561024718086,6.91,6.91,6.957701267664634,6.849831867813883,6.96379473171787,0,0,19789,19788,0,0,0,0,NaN,NaN,6.913409138170253,NaN,NaN,NaN,7.044273515781375,6.9277804199999995,NaN,NaN,NaN,NaN,NaN,NaN,NaN,NaN,NaN,NaN,1,-0.00229305521241193,-0.005187670382868603,-0.002894615170456673
2024-08-06T12:17:00-04:00,6.939780512359043,6.94,6.939780512359043,6.94,6.954482855361973,6.8512084805190145,6.963540079195205,0,0,19789,19788,0,0,0,0,NaN,NaN,10.881192177457532,NaN,NaN,NaN,7.044273515781375,6.9277804199999995,NaN,NaN,NaN,NaN,NaN,NaN,NaN,NaN,NaN,NaN,1,-0.0027390907921774395,-0.006318478660678473,-0.003579387868501033
2024-08-06T12:18:00-04:00,6.939890256179522,6.94,6.939890256179522,6.94,6.951849608932523,6.852564076236281,6.9632908195679795,0,0,19789,19788,0,0,0,0,NaN,NaN,11.978718299292055,NaN,NaN,NaN,7.044273515781375,6.9277804199999995,NaN,NaN,NaN,NaN,NaN,NaN,NaN,NaN,NaN,NaN,1,-0.0028424369910184082,-0.007132434107274044,-0.004289997116255636
2024-08-06T12:24:00-04:00,6.939945128089761,6.939945128089761,6.8892,6.8892,6.940458770944792,6.853123403316643,6.959565416331456,0,0,19789,19788,0,0,0,0,NaN,NaN,18.214036896356408,NaN,NaN,NaN,7.044273515781375,6.9277804199999995,NaN,NaN,NaN,NaN,NaN,NaN,NaN,NaN,NaN,NaN,1,-0.005961033379446444,-0.01174128884056369,-0.005780255461117247
2024-08-06T13:46:00-04:00,6.91457256404488,6.91457256404488,6.88,6.882499999999999,6.9299208125911935,6.853571900975931,6.957308522061695,0,0,19789,19788,0,0,0,0,NaN,NaN,21.07748282384967,NaN,NaN,NaN,7.044273515781375,6.9277804199999995,NaN,NaN,NaN,NaN,NaN,NaN,NaN,NaN,NaN,NaN,1,-0.007978102820463222,-0.015752883986696276,-0.007774781166233053
2024-08-06T13:48:00-04:00,6.898536282022439,6.898536282022439,6.88,6.88,6.920844301210977,6.853975383403779,6.953710768801192,0,0,19789,19788,0,0,0,0,NaN,NaN,23.46128332894217,NaN,NaN,NaN,7.044273515781375,6.9277804199999995,NaN,NaN,NaN,NaN,NaN,NaN,NaN,NaN,NaN,NaN,1,-0.00891280049965205,-0.018915781790798114,-0.010002981291146065
2024-08-06T13:50:00-04:00,6.88926814101122,6.89,6.88,6.885,6.914327155536253,6.8544490416724235,6.950544570718281,0,0,19789,19788,0,0,0,0,NaN,NaN,24.40729337702602,NaN,NaN,NaN,7.044273515781375,6.9277804199999995,NaN,NaN,NaN,NaN,NaN,NaN,NaN,NaN,NaN,NaN,1,-0.008621143576849118,-0.020779410762207462,-0.012158267185358344
2024-08-06T13:51:00-04:00,6.88713407050561,6.88713407050561,6.88,6.88,6.908085854529662,6.854839132639257,6.948125139329504,0,0,19789,19788,0,0,0,0,NaN,NaN,25.638566476010073,NaN,NaN,NaN,7.044273515781375,6.9277804199999995,NaN,NaN,NaN,NaN,NaN,NaN,NaN,NaN,NaN,NaN,1,-0.00819464779387524,-0.022401576927702394,-0.014206929133827154
2024-08-06T13:53:00-04:00,6.8835670352528044,6.8835670352528044,6.78,6.8325,6.894342971887905,6.854498077179116,6.941323111684959,0,0,19789,19788,0,0,0,0,NaN,NaN,24.951257510519596,NaN,NaN,NaN,7.044273515781375,6.9277804199999995,NaN,NaN,NaN,NaN,NaN,NaN,NaN,NaN,NaN,NaN,1,-0.010399568691625123,-0.02720638999835856,-0.016806821306733437
2024-08-06T13:57:00-04:00,6.858033517626402,6.858033517626402,6.68,6.7325,6.864916976999195,6.852635511115313,6.925614626865672,0,0,19789,19788,0,0,0,0,NaN,NaN,25.71706829099039,NaN,NaN,NaN,7.044273515781375,6.9017,NaN,NaN,NaN,NaN,NaN,NaN,NaN,NaN,NaN,NaN,1,-0.017464949618683927,-0.03863800833008835,-0.02117305871140442
2024-08-06T13:59:00-04:00,6.7952667588132005,6.8787,6.7952667588132005,6.8787,6.86742298118116,6.853033442243324,6.923732664756447,0,0,19789,19788,0,0,0,0,NaN,NaN,24.14351947914467,NaN,NaN,NaN,7.044273515781375,6.9017,NaN,NaN,NaN,NaN,NaN,NaN,NaN,NaN,NaN,NaN,1,-0.011454678801284042,-0.035491407213009474,-0.024036728411725432
2024-08-06T14:00:00-04:00,6.8369833794066,6.8369833794066,6.67,6.67,6.831527893693676,6.850239038544952,6.921035294117647,0,1,19789,19788,0,0,0,0,NaN,NaN,24.4438839941004,NaN,NaN,NaN,7.044273515781375,6.8644365,NaN,NaN,NaN,NaN,NaN,NaN,NaN,NaN,NaN,NaN,1,-0.02018669247453451,-0.04927009400489357,-0.02908340153035906
2024-08-06T14:12:00-04:00,6.7534916897033,6.7534916897033,6.7,6.7,6.807613731203917,6.84794531276564,6.9194798029556654,0,0,19789,19975,0,0,0,0,NaN,NaN,27.823583656808125,NaN,NaN,NaN,6.883328088182527,6.8644365,NaN,NaN,NaN,NaN,NaN,NaN,NaN,NaN,NaN,NaN,1,-0.022421851966518677,-0.05711071648850741,-0.03468886452198873
2024-08-06T14:19:00-04:00,6.72674584485165,6.72674584485165,6.69,6.69,6.786229416439569,6.8455339339447905,6.917876170510133,0,0,19789,19976,0,0,0,0,NaN,NaN,29.343542818710528,NaN,NaN,NaN,6.829200118973366,6.8644365,NaN,NaN,NaN,NaN,NaN,NaN,NaN,NaN,NaN,NaN,1,-0.02296934098527109,-0.0634005407535776,-0.0404311997683065
2024-08-06T14:23:00-04:00,6.708372922425825,6.8185,6.708372922425825,6.8185,6.792096795268738,6.84512120212884,6.912927158034529,0,0,19789,19977,0,0,0,0,NaN,NaN,29.544777019482964,NaN,NaN,NaN,6.829200118973366,6.8644365,NaN,NaN,NaN,NaN,NaN,NaN,NaN,NaN,NaN,NaN,1,-0.013539232354895028,-0.057355240211925285,-0.043816007857030256
2024-08-06T14:24:00-04:00,6.763436461212913,6.763436461212913,6.69,6.695,6.774442832492603,6.842829275378781,6.910070969855832,0,0,19789,19978,0,0,0,0,NaN,NaN,30.142760419420256,NaN,NaN,NaN,6.829200118973366,6.8644365,NaN,NaN,NaN,NaN,NaN,NaN,NaN,NaN,NaN,NaN,1,-0.014400893325962692,-0.06181712451448362,-0.04741623118852093
2024-08-06T14:43:00-04:00,6.729218230606456,6.729218230606456,6.7,6.7,6.760907772039403,6.840648675754678,6.9087033203125,0,0,19789,19979,0,0,0,0,NaN,NaN,30.626401723805046,NaN,NaN,NaN,6.829200118973366,6.8644365,NaN,NaN,NaN,NaN,NaN,NaN,NaN,NaN,NaN,NaN,1,-0.013434674057113197,-0.06420957375991243,-0.050774899702799234
2024-08-06T14:59:00-04:00,6.714609115303228,6.725,6.714609115303228,6.725,6.7543790862140565,6.838883047117202,6.907491462941405,0,0,19789,19980,0,0,0,0,NaN,NaN,33.463271527111864,NaN,NaN,NaN,6.829200118973366,6.8644365,NaN,NaN,NaN,NaN,NaN,NaN,NaN,NaN,NaN,NaN,1,-0.010066452060399037,-0.06335796477829803,-0.05329151271789899
2024-08-06T15:21:00-04:00,6.719804557651614,6.719804557651614,6.61,6.655,6.736310161447864,6.836075672352053,6.902685763228017,0,0,19789,19981,0,0,0,0,NaN,NaN,35.03341103919905,NaN,NaN,NaN,6.829200118973366,6.844820309999999,NaN,NaN,NaN,NaN,NaN,NaN,NaN,NaN,NaN,NaN,1,-0.011409003633374236,-0.06755276725961679,-0.05614376362624255
2024-08-06T15:26:00-04:00,6.687402278825807,6.73,6.687402278825807,6.7088,6.731308313911889,6.834132532316144,6.889192385337347,0,0,19789,19982,0,0,0,0,NaN,NaN,37.53778318345875,NaN,NaN,NaN,6.829200118973366,6.844820309999999,NaN,NaN,NaN,NaN,NaN,NaN,NaN,NaN,NaN,NaN,1,-0.007707167837352966,-0.06577772342293375,-0.05807055558558079
2024-08-06T15:27:00-04:00,6.698101139412904,6.72,6.645,6.6987499999999995,6.725388620473363,6.832065623425821,6.87157432236983,0,0,19789,19983,0,0,0,0,NaN,NaN,40.405319442674546,NaN,NaN,NaN,6.829200118973366,6.844820309999999,NaN,NaN,NaN,NaN,NaN,NaN,NaN,NaN,NaN,NaN,1,-0.005094855754144714,-0.06443912527826168,-0.05934426952411696
2024-08-06T15:28:00-04:00,6.698425569706451,6.698425569706451,6.69,6.69,6.7189543258418425,6.82989668261016,6.87060685475277,0,0,19789,19984,0,0,0,0,NaN,NaN,48.49079860642049,NaN,NaN,NaN,6.829200118973366,6.844820309999999,NaN,NaN,NaN,NaN,NaN,NaN,NaN,NaN,NaN,NaN,1,-0.003207802572779986,-0.06335402274009194,-0.060146220167311956
2024-08-06T15:32:00-04:00,6.694212784853226,6.74,6.694212784853226,6.733750000000001,6.721644448416053,6.828428794326036,6.865011725776778,0,0,19789,19985,0,0,0,0,NaN,NaN,53.201415230096885,NaN,NaN,NaN,6.829200118973366,6.844820309999999,NaN,NaN,NaN,NaN,NaN,NaN,NaN,NaN,NaN,NaN,1,0.0014834885148974908,-0.05829185952369009,-0.059775348038587583
2024-08-06T15:37:00-04:00,6.713981392426613,6.74,6.713981392426613,6.74,6.724981821431316,6.827078736397394,6.8643761160260315,0,0,19789,19986,0,0,0,0,NaN,NaN,56.91627672772778,NaN,NaN,NaN,6.829200118973366,6.844820309999999,NaN,NaN,NaN,NaN,NaN,NaN,NaN,NaN,NaN,NaN,1,0.005289952800762297,-0.05316290703763471,-0.05845285983839701
2024-08-06T15:44:00-04:00,6.726990696213306,6.726990696213306,6.69,6.69,6.718621490261986,6.824985931261556,6.8634940029340346,0,0,19789,19987,0,0,0,0,NaN,NaN,58.126196558048306,NaN,NaN,NaN,6.829200118973366,6.844820309999999,NaN,NaN,NaN,NaN,NaN,NaN,NaN,NaN,NaN,NaN,1,0.004740483179221502,-0.052527255864370126,-0.05726773904359163
2024-08-06T15:45:00-04:00,6.708495348106654,6.78,6.68,6.73,6.720690310214352,6.823535764372067,6.861498378014749,0,0,19789,19988,0,0,0,0,NaN,NaN,59.631357382355574,NaN,NaN,NaN,6.829200118973366,6.844820309999999,NaN,NaN,NaN,NaN,NaN,NaN,NaN,NaN,NaN,NaN,1,0.0072223879020217735,-0.04823975416606441,-0.05546214206808618
2024-08-06T15:57:00-04:00,6.719247674053327,6.719247674053327,6.6,6.6,6.698746617448107,6.820123004610661,6.859879634031595,0,0,19789,19989,0,0,0,0,NaN,NaN,60.93197851302497,NaN,NaN,NaN,6.829200118973366,6.7977614821,NaN,NaN,NaN,NaN,NaN,NaN,NaN,NaN,NaN,NaN,1,0.0006087296576812729,-0.05470122999598459,-0.05530995965366586
2024-08-06T15:59:00-04:00,6.659623837026663,6.659623837026663,6.62,6.635000000000001,6.687156323366633,6.817296699196758,6.8517435659395725,0,0,19789,19990,0,0,0,0,NaN,NaN,62.04703059100007,NaN,NaN,NaN,6.829200118973366,6.7977614821,NaN,NaN,NaN,NaN,NaN,NaN,NaN,NaN,NaN,NaN,1,-0.0008306252385134744,-0.0563482412018077,-0.05551761596329423
2024-08-06T16:00:00-04:00,6.647311918513331,6.647311918513331,6.62,6.62,6.674946082754518,6.814284535850243,6.836125504117515,0,0,19789,19991,0,0,0,0,NaN,NaN,63.11347276978398,NaN,NaN,NaN,6.829200118973366,6.7977614821,NaN,NaN,NaN,NaN,NaN,NaN,NaN,NaN,NaN,NaN,1,-0.002140363704871681,-0.05819307059438383,-0.05605270688951215
2024-08-07T07:56:00-04:00,6.633655959256666,6.633655959256666,6.5,6.5,6.643137704071878,6.80948629866169,6.5,0,0,19789,19992,0,0,1,0,NaN,NaN,65.6350918384702,NaN,NaN,NaN,6.829200118973366,6.718030104248,NaN,NaN,NaN,NaN,NaN,NaN,NaN,NaN,NaN,NaN,1,-0.009996178828469739,-0.06854793042509932,-0.058551751596629585
2024-08-07T09:30:00-04:00,6.566827979628333,6.6,6.566827979628333,6.6,6.635294485149719,6.8062880345599845,6.569040247678019,0,0,19789,19993,0,0,0,0,NaN,NaN,66.77231536427183,NaN,NaN,NaN,6.829200118973366,6.718030104248,NaN,NaN,NaN,NaN,NaN,NaN,NaN,NaN,NaN,NaN,1,-0.0074804638188924535,-0.06790233137024515,-0.0604218675513527
2024-08-07T09:33:00-04:00,6.583413989814167,6.8,6.583413989814167,6.8,6.665240942395224,6.806192034032351,6.737520938023451,0,1,19789,19994,0,0,0,0,NaN,NaN,65.53389028143482,NaN,NaN,NaN,6.829200118973366,6.718030104248,NaN,NaN,NaN,NaN,NaN,NaN,NaN,NaN,NaN,NaN,1,0.007802863282358435,-0.05066828844840465,-0.05847115173076309
2024-08-07T09:36:00-04:00,6.691706994907083,6.9999,6.691706994907083,6.9999,6.726088043777911,6.809149407558575,6.94932192444301,0,0,19789,19995,0,0,0,0,NaN,NaN,58.521054879963415,NaN,NaN,NaN,6.829200118973366,6.7874425,NaN,NaN,NaN,NaN,NaN,NaN,NaN,NaN,NaN,NaN,1,0.030263338961612686,-0.020641978028747232,-0.05090531699035992
2024-08-07T09:37:00-04:00,6.8458034974535416,7,6.8458034974535416,7,6.775890217636473,6.812063157061497,6.955086564601516,0,0,19789,19996,0,0,0,0,NaN,NaN,51.80844274779778,NaN,NaN,NaN,6.829200118973366,6.793867725,NaN,NaN,NaN,NaN,NaN,NaN,NaN,NaN,NaN,NaN,1,0.04322515157389509,0.0031261224770089413,-0.040099029096886146
2024-08-07T09:41:00-04:00,6.922901748726771,6.9999,6.922901748726771,6.9999,6.816619268975296,6.814930895121627,6.956634203619284,1,0,19997,19996,0,0,0,0,NaN,NaN,46.02395753802501,NaN,NaN,NaN,6.829200118973366,6.793867725,NaN,NaN,NaN,NaN,NaN,NaN,NaN,NaN,NaN,NaN,1,0.049442624163218894,0.021704251107137473,-0.02773837305608142
2024-08-07T09:55:00-04:00,6.9614008743633855,6.9614008743633855,6.85,6.85,6.822688492797969,6.815466301302976,6.955181223599945,0,0,19997,19996,0,0,0,0,NaN,NaN,44.40481602388278,NaN,NaN,NaN,6.829200118973366,6.793867725,NaN,NaN,NaN,NaN,NaN,NaN,NaN,NaN,NaN,NaN,1,0.0414343691171432,0.02405458834034757,-0.017379780776795622
2024-08-07T10:10:00-04:00,6.905700437181693,6.9099,6.8296,6.86975,6.831245130471065,6.81629506006171,6.947260168129558,0,0,19997,19996,0,0,0,0,NaN,NaN,42.472374754321955,NaN,NaN,NaN,6.829200118973366,6.793867725,NaN,NaN,NaN,NaN,NaN,NaN,NaN,NaN,NaN,NaN,1,0.03566173890800813,0.027197392858214542,-0.008464346049793589
2024-08-07T10:12:00-04:00,6.887725218590846,6.91,6.887725218590846,6.91,6.8455641976581445,6.81772566983176,6.946805165465869,0,0,19997,19996,0,0,0,0,NaN,NaN,40.687628869072476,NaN,NaN,NaN,6.829200118973366,6.793867725,NaN,NaN,NaN,NaN,NaN,NaN,NaN,NaN,NaN,NaN,1,0.03281994764146271,0.032560588502034804,-0.00025935913942790913
2024-08-07T10:22:00-04:00,6.898862609295423,6.9341,6.898862609295423,6.9341,6.861661616265755,6.819502377162573,6.946651888044396,0,0,19997,19996,0,0,0,0,NaN,NaN,36.69315613428499,NaN,NaN,NaN,6.829200118973366,6.793867725,NaN,NaN,NaN,NaN,NaN,NaN,NaN,NaN,NaN,NaN,1,0.030858662268251652,0.03831396869588666,0.007455306427635004
2024-08-07T10:24:00-04:00,6.916481304647712,7.091,6.916481304647712,7.091,6.903359504217436,6.823647379037953,6.950052715278596,1,0,19997,19996,0,0,0,0,NaN,NaN,30.357999125839143,NaN,NaN,NaN,6.829200118973366,6.8544656615,NaN,NaN,NaN,NaN,NaN,NaN,NaN,NaN,NaN,NaN,1,0.03795672737249485,0.054901215643253565,0.016944488270758715
2024-08-07T10:28:00-04:00,7.003740652323856,7.035,7.003740652323856,7.035,6.927294139814266,6.826874136609893,6.952896219970397,0,0,19997,19996,0,0,0,0,NaN,NaN,24.925426144920838,NaN,NaN,NaN,6.829200118973366,6.8544656615,NaN,NaN,NaN,NaN,NaN,NaN,NaN,NaN,NaN,NaN,1,0.036687633859142345,0.06280403059468664,0.0261163967355443
2024-08-07T10:32:00-04:00,7.019370326161928,7.019370326161928,6.9367,6.9367,6.929004296211672,6.828550867348674,6.952624258367849,0,0,19997,19996,0,0,0,0,NaN,NaN,21.8016868165337,NaN,NaN,NaN,6.829200118973366,6.8544656615,NaN,NaN,NaN,NaN,NaN,NaN,NaN,NaN,NaN,NaN,1,0.02745758968392996,0.060438383840456744,0.032980794156526785
2024-08-07T11:07:00-04:00,6.978035163080964,6.978035163080964,6.9218,6.9218,6.927694424173186,6.8299745182288465,6.950108121723038,0,0,19997,19996,0,0,0,0,NaN,NaN,19.19071460556191,NaN,NaN,NaN,6.829200118973366,6.8544656615,NaN,NaN,NaN,NaN,NaN,NaN,NaN,NaN,NaN,NaN,1,0.018981441792101164,0.05670759639665324,0.03772615460455207
2024-08-07T11:42:00-04:00,6.949917581540483,6.949917581540483,6.9397,6.9397,6.9298772561416975,6.831649716423826,6.949950055684924,0,0,19997,19996,0,0,0,0,NaN,NaN,17.463455995425388,NaN,NaN,NaN,6.829200118973366,6.8544656615,NaN,NaN,NaN,NaN,NaN,NaN,NaN,NaN,NaN,NaN,1,0.01347211199178374,0.05456629459428175,0.04109418260249801
2024-08-07T11:45:00-04:00,6.944808790770241,6.944808790770241,6.8817,6.895850000000001,6.9236904822977525,6.832629873424989,6.94171269418934,0,0,19997,19996,0,0,0,0,NaN,NaN,15.24518941969086,NaN,NaN,NaN,6.829200118973366,6.8544656615,NaN,NaN,NaN,NaN,NaN,NaN,NaN,NaN,NaN,NaN,1,0.006139688057177545,0.04876879267396994,0.042629104616792396
2024-08-07T12:11:00-04:00,6.920329395385121,6.920329395385121,6.915,6.915,6.922110394607252,6.83388743260934,6.940613496831537,0,0,19997,19996,0,0,0,0,NaN,NaN,14.454718120307527,NaN,NaN,NaN,6.829200118973366,6.8544656615,NaN,NaN,NaN,NaN,NaN,NaN,NaN,NaN,NaN,NaN,1,0.0020554810468098386,0.04519845592530469,0.043142974878494854
2024-08-07T12:28:00-04:00,6.91766469769256,6.9999,6.91766469769256,6.9999,6.936253959224115,6.836421975622938,6.941916234707018,1,0,19997,19996,0,0,0,0,NaN,NaN,11.086404574119825,NaN,NaN,NaN,6.829200118973366,6.8544656615,NaN,NaN,NaN,NaN,NaN,NaN,NaN,NaN,NaN,NaN,1,0.004412620895375578,0.04865875099771433,0.04424613010233875
2024-08-07T12:44:00-04:00,6.95878234884628,6.95878234884628,6.895,6.895,6.928753239365185,6.837316296605794,6.940612903983098,0,0,19997,19996,0,0,0,0,NaN,NaN,9.670866572011255,NaN,NaN,NaN,6.829200118973366,6.8544656615,NaN,NaN,NaN,NaN,NaN,NaN,NaN,NaN,NaN,NaN,1,-0.001439142848550165,0.04244720154165105,0.04388634439020121
2024-08-07T12:50:00-04:00,6.92689117442314,6.9799,6.92689117442314,6.9799,6.938052650389697,6.839493147039293,6.941455264568497,1,0,19997,19996,0,0,0,0,NaN,NaN,7.431304266265844,NaN,NaN,NaN,6.829200118973366,6.8544656615,NaN,NaN,NaN,NaN,NaN,NaN,NaN,NaN,NaN,NaN,1,-0.000013456516069154656,0.04386952374511477,0.043882980261183924
2024-08-07T13:02:00-04:00,6.9533955872115705,6.9533955872115705,6.8,6.805,6.913861259409752,6.838966534107395,6.936210463147044,0,0,19997,19996,0,0,0,0,NaN,NaN,6.795974680979625,NaN,NaN,NaN,6.829200118973366,6.8544656615,NaN,NaN,NaN,NaN,NaN,NaN,NaN,NaN,NaN,NaN,1,-0.010680940686422738,0.030531804403155505,0.04121274508957824
2024-08-07T13:15:00-04:00,6.879197793605785,6.9499,6.879197793605785,6.9499,6.9204137576988884,6.840660174808045,6.93634619085806,1,0,19997,19996,0,0,0,0,NaN,NaN,4.917788591272117,NaN,NaN,NaN,6.829200118973366,6.8544656615,NaN,NaN,NaN,NaN,NaN,NaN,NaN,NaN,NaN,NaN,1,-0.007935749783671009,0.03129305785998948,0.03922880764366049
2024-08-07T13:49:00-04:00,6.914548896802893,6.914548896802893,6.67,6.67,6.874883983571817,6.8380546759560135,6.934418520662953,0,0,19997,19996,0,0,0,0,NaN,NaN,5.722902544295661,NaN,NaN,NaN,6.829200118973366,6.8544656615,NaN,NaN,NaN,NaN,NaN,NaN,NaN,NaN,NaN,NaN,1,-0.02401931784587856,0.009204660336312287,0.03322397818219085
2024-08-07T13:51:00-04:00,6.792274448401447,6.792274448401447,6.62,6.65,6.83399598655876,6.83518361220096,6.917043401739605,0,1,19997,19996,0,0,0,0,NaN,NaN,6.182781648943307,NaN,NaN,NaN,6.829200118973366,6.8544656615,NaN,NaN,NaN,NaN,NaN,NaN,NaN,NaN,NaN,NaN,1,-0.03442030432879765,-0.00980140222880621,0.024618902099991437
2024-08-07T13:53:00-04:00,6.7211372242007235,6.7211372242007235,6.61,6.6425,6.799178534457167,6.832241877663541,6.898807853834931,0,0,19997,20016,0,0,0,0,NaN,NaN,6.6532598187581575,NaN,NaN,NaN,6.829200118973366,6.8544656615,NaN,NaN,NaN,NaN,NaN,NaN,NaN,NaN,NaN,NaN,1,-0.03983815023566993,-0.025178785694595973,0.014659364541073954
2024-08-07T13:57:00-04:00,6.681818612100361,6.681818612100361,6.5756,6.5756,6.758527891828591,6.828323681057991,6.892771474817906,0,0,19997,20017,0,0,0,0,NaN,NaN,7.486552683059824,NaN,NaN,NaN,6.829200118973366,6.810107,NaN,NaN,NaN,NaN,NaN,NaN,NaN,NaN,NaN,NaN,1,-0.04554861776190096,-0.04227640766130225,0.003272210100598711
2024-08-07T14:12:00-04:00,6.6287093060501805,6.6287093060501805,6.55,6.5600000000000005,6.722431911496121,6.8242271363090135,6.857242295501307,0,0,19997,20018,0,0,0,0,NaN,NaN,8.880563518590867,NaN,NaN,NaN,6.829200118973366,6.79503779,NaN,NaN,NaN,NaN,NaN,NaN,NaN,NaN,NaN,NaN,1,-0.04776548203903458,-0.056434642448194516,-0.008669160409159934
2024-08-07T14:24:00-04:00,6.594354653025091,6.6373,6.594354653025091,6.6373,6.7069533821331895,6.821373286899716,6.853929548690986,0,0,19997,20019,0,0,0,0,NaN,NaN,9.677151781956564,NaN,NaN,NaN,6.829200118973366,6.79503779,NaN,NaN,NaN,NaN,NaN,NaN,NaN,NaN,NaN,NaN,1,-0.041638883629181625,-0.060717764945636965,-0.01907888131645534
2024-08-07T14:26:00-04:00,6.615827326512545,6.7099,6.615827326512545,6.7099,6.707489130836246,6.819671404656972,6.8523689294614805,0,0,19997,20020,0,0,0,0,NaN,NaN,9.741595094226685,NaN,NaN,NaN,6.829200118973366,6.79503779,NaN,NaN,NaN,NaN,NaN,NaN,NaN,NaN,NaN,NaN,1,-0.03080897044069989,-0.0575900943673302,-0.02678112392663031
2024-08-07T14:47:00-04:00,6.662863663256273,6.662863663256273,6.55,6.55,6.678854743411474,6.815554283975186,6.850739610949456,0,0,19997,20021,0,0,0,0,NaN,NaN,10.661508596975889,NaN,NaN,NaN,6.829200118973366,6.775635522599999,NaN,NaN,NaN,NaN,NaN,NaN,NaN,NaN,NaN,NaN,1,-0.03236621957420394,-0.06723889839438524,-0.034872678820181295
2024-08-07T14:54:00-04:00,6.606431831628136,6.606431831628136,6.605,6.605,6.665426608245752,6.812339714754191,6.84811950634396,0,0,19997,20022,0,0,0,0,NaN,NaN,10.745885319324382,NaN,NaN,NaN,6.829200118973366,6.775635522599999,NaN,NaN,NaN,NaN,NaN,NaN,NaN,NaN,NaN,NaN,1,-0.027817683383266095,-0.06964478304926391,-0.04182709966599782
2024-08-07T15:13:00-04:00,6.605715915814068,6.605715915814068,6.53,6.53,6.640803588564706,6.8080291847579435,6.846432585640048,0,0,19997,20023,0,0,0,0,NaN,NaN,12.374236125144469,NaN,NaN,NaN,6.829200118973366,6.744428325566,NaN,NaN,NaN,NaN,NaN,NaN,NaN,NaN,NaN,NaN,1,-0.02791349519184287,-0.07671896865580141,-0.04880547346395854
2024-08-07T15:34:00-04:00,6.567857957907034,6.567857957907034,6.54,6.54,6.622475663371123,6.803937136135684,6.8448162095157725,0,0,19997,20024,0,0,0,0,NaN,NaN,12.889862390504442,NaN,NaN,NaN,6.829200118973366,6.744428325566,NaN,NaN,NaN,NaN,NaN,NaN,NaN,NaN,NaN,NaN,1,-0.0254271498108522,-0.08058941072752379,-0.05516226091667159
2024-08-07T15:37:00-04:00,6.5539289789535164,6.62,6.5539289789535164,6.62,6.622025542758192,6.801128935583995,6.8429580299225785,0,0,19997,20025,0,0,0,0,NaN,NaN,16.06424783546054,NaN,NaN,NaN,6.829200118973366,6.744428325566,NaN,NaN,NaN,NaN,NaN,NaN,NaN,NaN,NaN,NaN,1,-0.016927506576462248,-0.0763216441372494,-0.05939413756078715
2024-08-07T15:41:00-04:00,6.586964489476758,6.636,6.586964489476758,6.636,6.624566353165793,6.79860788313233,6.841827464752095,0,0,19997,20026,0,0,0,0,NaN,NaN,16.489957944381864,NaN,NaN,NaN,6.824565342495569,6.744428325566,NaN,NaN,NaN,NaN,NaN,NaN,NaN,NaN,NaN,NaN,1,-0.009150159360601685,-0.07083183676153926,-0.06168167740093757
2024-08-07T15:51:00-04:00,6.611482244738379,6.69,6.5313,6.610650000000001,6.622036107135649,6.79573829713031,6.816175534227568,0,0,19997,20027,0,0,0,0,NaN,NaN,16.227311995188444,NaN,NaN,NaN,6.757335740463795,6.744428325566,NaN,NaN,NaN,NaN,NaN,NaN,NaN,NaN,NaN,NaN,1,-0.004851240023257902,-0.06774572743000995,-0.06289448740675205
2024-08-07T15:55:00-04:00,6.61106612236919,6.65,6.61106612236919,6.65,6.627120451292804,6.793513284960381,6.81541045349908,0,0,19997,20028,0,0,0,0,NaN,NaN,16.433412182376138,NaN,NaN,NaN,6.757335740463795,6.744428325566,NaN,NaN,NaN,NaN,NaN,NaN,NaN,NaN,NaN,NaN,1,0.0011821714592064742,-0.06141677308274396,-0.06259894454195043
2024-08-07T15:57:00-04:00,6.630533061184595,6.68,6.630533061184595,6.68,6.636734914694112,6.791780257709078,6.813887879546593,0,0,19997,20029,0,0,0,0,NaN,NaN,14.817385323458055,NaN,NaN,NaN,6.757335740463795,6.744428325566,NaN,NaN,NaN,NaN,NaN,NaN,NaN,NaN,NaN,NaN,1,0.007387058051306336,-0.05336512197781751,-0.060752180029123845
2024-08-07T15:59:00-04:00,6.655266530592297,6.72,6.655266530592297,6.72,6.651874021113365,6.790684375911993,6.813462412199212,0,0,19997,20030,0,0,0,0,NaN,NaN,12.714675811645575,NaN,NaN,NaN,6.757335740463795,6.744428325566,NaN,NaN,NaN,NaN,NaN,NaN,NaN,NaN,NaN,NaN,1,0.01399549155048295,-0.043257815591020154,-0.057253307141503104
2024-08-07T16:00:00-04:00,6.6876332652961485,6.6876332652961485,6.64,6.64,6.649715108183662,6.788383851088909,6.806223512680217,0,0,19997,20031,0,0,0,0,NaN,NaN,12.45303230202567,NaN,NaN,NaN,6.757335740463795,6.744428325566,NaN,NaN,NaN,NaN,NaN,NaN,NaN,NaN,NaN,NaN,1,0.012820417214707537,-0.041227785623118685,-0.05404820283782622