time,open,high,low,close
2024-08-07T13:49:00-04:00,2.5713776588959716,2.5713776588959716,2.5001,2.5357250000000002
2024-08-07T13:51:00-04:00,2.553551329447986,2.553551329447986,2.525,2.5433000000000003
2024-08-07T13:53:00-04:00,2.548425664723993,2.5499,2.535,2.545025
2024-08-07T13:59:00-04:00,2.5467253323619965,2.57,2.5372,2.54795
2024-08-07T14:00:00-04:00,2.547337666180998,2.569,2.545,2.557
2024-08-07T14:01:00-04:00,2.552168833090499,2.552168833090499,2.5201,2.5201
2024-08-07T14:02:00-04:00,2.5361344165452495,2.5542,2.5361344165452495,2.5542
2024-08-07T14:14:00-04:00,2.5451672082726247,2.5687,2.52,2.54435
2024-08-07T14:26:00-04:00,2.5447586041363124,2.56,2.54,2.554875
2024-08-07T14:47:00-04:00,2.549816802068156,2.5599,2.549816802068156,2.5599
2024-08-07T15:03:00-04:00,2.5548584010340782,2.5599,2.5201,2.54335
2024-08-07T15:10:00-04:00,2.5491042005170392,2.5599,2.5491042005170392,2.5599
2024-08-07T15:17:00-04:00,2.5545021002585195,2.56,2.52,2.54025
2024-08-07T15:26:00-04:00,2.5473760501292597,2.56,2.51,2.535
2024-08-07T15:29:00-04:00,2.54118802506463,2.56,2.5,2.530025
2024-08-07T15:30:00-04:00,2.535606512532315,2.535606512532315,2.53,2.53
2024-08-07T15:45:00-04:00,2.532803256266157,2.532803256266157,2.5001,2.5131
2024-08-07T15:54:00-04:00,2.522951628133079,2.5599,2.522951628133079,2.54495
2024-08-07T15:57:00-04:00,2.5339508140665394,2.5599,2.52,2.5417249999999996
2024-08-07T15:58:00-04:00,2.5378379070332695,2.5599,2.5378379070332695,2.556075
2024-08-07T15:59:00-04:00,2.5469564535166347,2.56,2.505,2.53875
2024-08-07T16:00:00-04:00,2.542853226758317,2.5699,2.542853226758317,2.564575
2024-08-07T16:01:00-04:00,2.5537141133791588,2.8899,2.5537141133791588,2.706975
2024-08-07T16:02:00-04:00,2.6303445566895793,2.82,2.63,2.7175000000000002
2024-08-07T16:03:00-04:00,2.67392227834479,2.7999,2.5282,2.7319750000000003
2024-08-07T16:07:00-04:00,2.702948639172395,2.702948639172395,2.55,2.6049499999999997
2024-08-07T16:08:00-04:00,2.6539493195861974,2.66,2.65,2.6550000000000002
2024-08-07T16:09:00-04:00,2.654474659793099,2.66,2.5,2.5925000000000002
2024-08-07T16:11:00-04:00,2.6234873298965495,2.6599,2.6234873298965495,2.6599
2024-08-07T16:17:00-04:00,2.6416936649482747,2.6599,2.61,2.63495
2024-08-07T16:20:00-04:00,2.638321832474137,2.6599,2.61,2.6274749999999996
2024-08-07T16:21:00-04:00,2.6328984162370683,2.6328984162370683,2.56,2.577475
2024-08-07T16:22:00-04:00,2.6051867081185343,2.6299,2.56,2.612425
2024-08-07T16:23:00-04:00,2.608805854059267,2.63,2.608805854059267,2.63
2024-08-07T16:25:00-04:00,2.6194029270296335,2.6194029270296335,2.6,2.6
2024-08-07T16:27:00-04:00,2.609701463514817,2.609701463514817,2.5,2.54245
2024-08-07T16:28:00-04:00,2.576075731757409,2.599,2.576075731757409,2.599
2024-08-07T16:35:00-04:00,2.5875378658787045,2.5875378658787045,2.5,2.5025
2024-08-07T16:36:00-04:00,2.545018932939352,2.545018932939352,2.4999,2.4999
2024-08-07T16:37:00-04:00,2.522459466469676,2.59,2.522459466469676,2.59
2024-08-07T16:49:00-04:00,2.556229733234838,2.6,2.556229733234838,2.5949999999999998
2024-08-07T16:50:00-04:00,2.5756148666174186,2.63,2.5756148666174186,2.63
2024-08-07T16:51:00-04:00,2.6028074333087092,2.63,2.6028074333087092,2.63
2024-08-07T17:20:00-04:00,2.6164037166543546,2.7499,2.58,2.66495
2024-08-07T17:34:00-04:00,2.6406768583271774,2.6406768583271774,2.49,2.49
2024-08-07T17:36:00-04:00,2.565338429163589,2.6395,2.565338429163589,2.6395
2024-08-07T17:47:00-04:00,2.6024192145817944,2.6024192145817944,2.51,2.51
2024-08-07T17:49:00-04:00,2.556209607290897,2.62,2.556209607290897,2.62
2024-08-07T17:50:00-04:00,2.5881048036454484,2.61,2.5881048036454484,2.61
2024-08-07T17:59:00-04:00,2.599052401822724,2.62,2.55,2.585
2024-08-07T18:00:00-04:00,2.592026200911362,2.6499,2.592026200911362,2.6499
2024-08-07T18:57:00-04:00,2.620963100455681,2.620963100455681,2.49,2.49
2024-08-07T18:58:00-04:00,2.5554815502278405,2.6399,2.5554815502278405,2.6399
2024-08-07T19:40:00-04:00,2.59769077511392,2.59769077511392,2.5,2.5
2024-08-07T19:41:00-04:00,2.54884538755696,2.5595,2.54884538755696,2.5595
2024-08-07T19:43:00-04:00,2.55417269377848,2.5589,2.55417269377848,2.5589
2024-08-07T19:44:00-04:00,2.55653634688924,2.5591,2.55653634688924,2.55885
2024-08-07T19:48:00-04:00,2.55769317344462,2.5599,2.55769317344462,2.5599
2024-08-07T19:49:00-04:00,2.55879658672231,2.5599,2.55879658672231,2.5599
2024-08-07T19:53:00-04:00,2.559348293361155,2.5599,2.52,2.5399499999999997
2024-08-07T19:54:00-04:00,2.5496491466805775,2.5599,2.5496491466805775,2.5599
2024-08-07T19:59:00-04:00,2.5547745733402887,2.6399,2.5547745733402887,2.6399
2024-08-08T04:01:00-04:00,2.597337286670144,3.34,2.597337286670144,3.34
2024-08-08T07:11:00-04:00,2.968668643335072,2.968668643335072,2.51,2.51
2024-08-08T07:15:00-04:00,2.7393343216675357,2.7393343216675357,2.51,2.51
2024-08-08T07:17:00-04:00,2.6246671608337677,2.6246671608337677,2.51,2.51
2024-08-08T07:35:00-04:00,2.567333580416884,2.567333580416884,2.51,2.51
2024-08-08T07:37:00-04:00,2.538666790208442,2.538666790208442,2.51,2.51
2024-08-08T07:38:00-04:00,2.524333395104221,2.524333395104221,2.5,2.5
2024-08-08T07:46:00-04:00,2.5121666975521104,2.5121666975521104,2.5,2.505
2024-08-08T08:00:00-04:00,2.508583348776055,2.62,2.508583348776055,2.602475
2024-08-08T08:01:00-04:00,2.5555291743880275,2.5973,2.5555291743880275,2.5973
2024-08-08T08:03:00-04:00,2.576414587194014,2.576414587194014,2.5,2.505
2024-08-08T08:10:00-04:00,2.540707293597007,2.540707293597007,2.51,2.51
2024-08-08T08:11:00-04:00,2.5253536467985036,2.59,2.5253536467985036,2.59
2024-08-08T08:12:00-04:00,2.5576768233992517,2.59,2.5576768233992517,2.59
2024-08-08T08:19:00-04:00,2.573838411699626,2.573838411699626,2.5,2.5
2024-08-08T08:28:00-04:00,2.536919205849813,2.536919205849813,2.5,2.5
2024-08-08T08:33:00-04:00,2.5184596029249064,2.89,2.5184596029249064,2.695
2024-08-08T08:34:00-04:00,2.6067298014624534,2.86,2.6067298014624534,2.844
2024-08-08T08:35:00-04:00,2.7253649007312264,2.83,2.7,2.7649999999999997
2024-08-08T08:36:00-04:00,2.745182450365613,2.97,2.745182450365613,2.8500000000000005
2024-08-08T08:37:00-04:00,2.797591225182807,2.797591225182807,2.6,2.62505
2024-08-08T08:38:00-04:00,2.711320612591403,2.711320612591403,2.52,2.5225
2024-08-08T08:39:00-04:00,2.6169103062957015,2.69,2.6169103062957015,2.69
2024-08-08T08:41:00-04:00,2.653455153147851,2.653455153147851,2.55,2.55
2024-08-08T08:42:00-04:00,2.6017275765739254,2.65,2.55,2.5999999999999996
2024-08-08T08:43:00-04:00,2.6008637882869623,2.6008637882869623,2.52,2.5374999999999996
2024-08-08T08:44:00-04:00,2.569181894143481,2.569181894143481,2.53,2.53
2024-08-08T08:45:00-04:00,2.5495909470717404,2.55,2.52,2.535
2024-08-08T08:46:00-04:00,2.5422954735358703,2.5422954735358703,2.5,2.5
2024-08-08T08:48:00-04:00,2.521147736767935,2.521147736767935,2.41,2.42
2024-08-08T08:49:00-04:00,2.4705738683839673,2.4705738683839673,2.39,2.4075
2024-08-08T08:59:00-04:00,2.439036934191984,2.6499,2.439036934191984,2.6499
2024-08-08T09:11:00-04:00,2.5444684670959923,2.65,2.5444684670959923,2.65
2024-08-08T09:17:00-04:00,2.5972342335479963,2.65,2.5972342335479963,2.65
2024-08-08T09:19:00-04:00,2.623617116773998,2.623617116773998,2.5198,2.5199249999999997
2024-08-08T09:20:00-04:00,2.571771058386999,2.65,2.571771058386999,2.65
2024-08-08T09:26:00-04:00,2.6108855291934994,2.64,2.6108855291934994,2.64
2024-08-08T09:30:00-04:00,2.62544276459675,2.62544276459675,2.45,2.5175
2024-08-08T09:31:00-04:00,2.571471382298375,2.5899,2.52,2.572425
2024-08-08T09:33:00-04:00,2.5719481911491875,2.5899,2.537,2.564225
2024-08-08T09:38:00-04:00,2.5680865955745937,2.5680865955745937,2.29,2.4275
2024-08-08T09:39:00-04:00,2.4977932977872968,2.4977932977872968,2.2901,2.355025
2024-08-08T09:40:00-04:00,2.426409148893648,2.55,2.22,2.4025
2024-08-08T09:42:00-04:00,2.414454574446824,2.414454574446824,2.31,2.31
2024-08-08T09:43:00-04:00,2.362227287223412,2.45,2.22,2.31
2024-08-08T09:44:00-04:00,2.3361136436117063,2.45,2.22,2.31875
2024-08-08T09:45:00-04:00,2.3274318218058534,2.38,2.3274318218058534,2.38
2024-08-08T09:54:00-04:00,2.3537159109029266,2.3537159109029266,2.26,2.277425
2024-08-08T09:55:00-04:00,2.3155704554514633,2.3155704554514633,2.255,2.27875
2024-08-08T09:56:00-04:00,2.2971602277257315,2.2971602277257315,2.28,2.28
2024-08-08T09:57:00-04:00,2.2885801138628654,2.3398,2.2714,2.3056
2024-08-08T09:58:00-04:00,2.2970900569314328,2.3399,2.2970900569314328,2.32275
2024-08-08T09:59:00-04:00,2.3099200284657164,2.34,2.3099200284657164,2.335
2024-08-08T10:00:00-04:00,2.322460014232858,2.42,2.315,2.37125
2024-08-08T10:02:00-04:00,2.346855007116429,2.43,2.346855007116429,2.43
2024-08-08T10:03:00-04:00,2.3884275035582148,2.4499,2.3884275035582148,2.43745
2024-08-08T10:04:00-04:00,2.4129387517791074,2.4499,2.41,2.422475
2024-08-08T10:05:00-04:00,2.4177068758895537,2.44,2.3848,2.4179500000000003
2024-08-08T10:06:00-04:00,2.417828437944777,2.417828437944777,2.38,2.38
2024-08-08T10:07:00-04:00,2.398914218972388,2.4499,2.398914218972388,2.4499
2024-08-08T10:08:00-04:00,2.424407109486194,2.4311,2.415,2.42305
2024-08-08T10:09:00-04:00,2.423728554743097,2.423728554743097,2.36,2.36
2024-08-08T10:10:00-04:00,2.3918642773715484,2.43,2.3918642773715484,2.43
2024-08-08T10:14:00-04:00,2.4109321386857743,2.4109321386857743,2.25,2.35
2024-08-08T10:15:00-04:00,2.380466069342887,2.4299,2.3271,2.3785
2024-08-08T10:18:00-04:00,2.3794830346714435,2.4,2.3794830346714435,2.4
2024-08-08T10:23:00-04:00,2.3897415173357217,2.4139,2.3897415173357217,2.4139
2024-08-08T10:24:00-04:00,2.401820758667861,2.401820758667861,2.4,2.4
2024-08-08T10:36:00-04:00,2.40091037933393,2.43,2.37,2.4000000000000004
2024-08-08T10:37:00-04:00,2.4004551896669652,2.4116,2.4004551896669652,2.4116
2024-08-08T10:47:00-04:00,2.406027594833483,2.406027594833483,2.26,2.3357
2024-08-08T10:55:00-04:00,2.3708637974167415,2.4399,2.365,2.4004250000000003
2024-08-08T11:08:00-04:00,2.385644398708371,2.4,2.385644398708371,2.395
2024-08-08T11:09:00-04:00,2.3903221993541854,2.44,2.3903221993541854,2.4237249999999997
2024-08-08T11:10:00-04:00,2.4070235996770926,2.4499,2.4070235996770926,2.428575
2024-08-08T11:11:00-04:00,2.4177992998385465,2.44,2.4177992998385465,2.435
2024-08-08T11:13:00-04:00,2.426399649919273,2.45,2.426399649919273,2.442475
2024-08-08T11:14:00-04:00,2.4344373249596365,2.5883,2.4344373249596365,2.489575
2024-08-08T11:15:00-04:00,2.462006162479818,2.6385,2.462006162479818,2.5991
2024-08-08T11:16:00-04:00,2.5305530812399093,2.63,2.5305530812399093,2.63
2024-08-08T11:17:00-04:00,2.5802765406199546,2.63,2.5802765406199546,2.6149999999999998
2024-08-08T11:18:00-04:00,2.597638270309977,2.5982,2.5201,2.5713749999999997
2024-08-08T11:19:00-04:00,2.5845066351549884,2.5845066351549884,2.5,2.5149999999999997
2024-08-08T11:20:00-04:00,2.549753317577494,2.549753317577494,2.4501,2.4875
2024-08-08T11:21:00-04:00,2.518626658788747,2.5784,2.4999,2.537075
2024-08-08T11:28:00-04:00,2.5278508293943736,2.5799,2.4901,2.554675
2024-08-08T11:29:00-04:00,2.541262914697187,2.57,2.51,2.54
2024-08-08T11:32:00-04:00,2.5406314573485935,2.5599,2.5406314573485935,2.5599
2024-08-08T11:35:00-04:00,2.5502657286742965,2.5502657286742965,2.55,2.55
2024-08-08T11:38:00-04:00,2.550132864337148,2.550132864337148,2.4901,2.52005
2024-08-08T11:39:00-04:00,2.5350914321685742,2.5399,2.515,2.52745
2024-08-08T11:42:00-04:00,2.531270716084287,2.54,2.476,2.5055
2024-08-08T11:49:00-04:00,2.518385358042144,2.58,2.518385358042144,2.55685
2024-08-08T11:57:00-04:00,2.537617679021072,2.5899,2.537617679021072,2.56745
2024-08-08T11:58:00-04:00,2.552533839510536,2.59,2.545,2.578525
2024-08-08T11:59:00-04:00,2.565529419755268,2.65,2.565529419755268,2.6175
2024-08-08T12:00:00-04:00,2.591514709877634,2.64,2.591514709877634,2.629625
2024-08-08T12:01:00-04:00,2.610569854938817,2.6395,2.610569854938817,2.6395
2024-08-08T12:02:00-04:00,2.6250349274694083,2.6397,2.604,2.6218500000000002
2024-08-08T12:03:00-04:00,2.6234424637347042,2.6399,2.6,2.6199500000000002
2024-08-08T12:06:00-04:00,2.621696231867352,2.65,2.621696231867352,2.6387
2024-08-08T12:07:00-04:00,2.630198115933676,2.6499,2.63,2.63995
2024-08-08T12:08:00-04:00,2.635074057966838,2.65,2.635074057966838,2.65
2024-08-08T12:09:00-04:00,2.642537028983419,2.7299,2.6372,2.6837500000000003
2024-08-08T12:10:00-04:00,2.6631435144917095,2.6911,2.6631435144917095,2.6911
2024-08-08T12:12:00-04:00,2.677121757245855,2.7299,2.677121757245855,2.7076
2024-08-08T12:13:00-04:00,2.692360878622927,2.745,2.692360878622927,2.7346250000000003
2024-08-08T12:14:00-04:00,2.7134929393114637,2.7185,2.6501,2.6843000000000004
2024-08-08T12:15:00-04:00,2.698896469655732,2.76,2.698896469655732,2.7425
2024-08-08T12:16:00-04:00,2.720698234827866,2.76,2.720698234827866,2.7575
2024-08-08T12:17:00-04:00,2.739099117413933,2.76,2.6701,2.6950499999999997
2024-08-08T12:18:00-04:00,2.7170745587069662,2.73,2.63,2.6725
2024-08-08T12:19:00-04:00,2.6947872793534833,2.7,2.49,2.622475
2024-08-08T12:20:00-04:00,2.658631139676742,2.6825,2.658631139676742,2.6825
2024-08-08T12:21:00-04:00,2.670565569838371,2.670565569838371,2.55,2.6224999999999996
2024-08-08T12:22:00-04:00,2.6465327849191853,2.69,2.6465327849191853,2.6893749999999996
2024-08-08T12:24:00-04:00,2.6679538924595922,2.6679538924595922,2.64,2.64
2024-08-08T12:25:00-04:00,2.653976946229796,2.653976946229796,2.37,2.5136
2024-08-08T12:26:00-04:00,2.5837884731148977,2.6,2.4516,2.5254
2024-08-08T12:27:00-04:00,2.554594236557449,2.57,2.46,2.5149999999999997
2024-08-08T12:30:00-04:00,2.5347971182787243,2.5648,2.46,2.5206999999999997
2024-08-08T12:31:00-04:00,2.5277485591393622,2.5899,2.46,2.52495
2024-08-08T12:32:00-04:00,2.526349279569681,2.57,2.5,2.543625
2024-08-08T12:33:00-04:00,2.5349871397848407,2.5899,2.42,2.5062249999999997
2024-08-08T12:34:00-04:00,2.52060606989242,2.549,2.52060606989242,2.549
2024-08-08T12:35:00-04:00,2.53480303494621,2.55,2.53480303494621,2.55
2024-08-08T12:36:00-04:00,2.542401517473105,2.56,2.542401517473105,2.56
2024-08-08T12:43:00-04:00,2.5512007587365524,2.56,2.5512007587365524,2.56
2024-08-08T12:44:00-04:00,2.5556003793682764,2.5899,2.5556003793682764,2.5762
2024-08-08T12:45:00-04:00,2.5659001896841382,2.5999,2.56,2.57995
2024-08-08T12:46:00-04:00,2.572925094842069,2.61,2.572925094842069,2.5974
2024-08-08T12:50:00-04:00,2.5851625474210342,2.62,2.52,2.5737500000000004
2024-08-08T12:51:00-04:00,2.5794562737105173,2.63,2.5794562737105173,2.627475
2024-08-08T12:54:00-04:00,2.6034656368552587,2.6199,2.585,2.60245
2024-08-08T12:56:00-04:00,2.6029578184276296,2.6029578184276296,2.5533,2.5779
2024-08-08T12:57:00-04:00,2.5904289092138146,2.5904289092138146,2.59,2.59
2024-08-08T12:58:00-04:00,2.5902144546069072,2.6,2.55,2.575025
2024-08-08T12:59:00-04:00,2.5826197273034537,2.6,2.55,2.57275
2024-08-08T13:00:00-04:00,2.5776848636517267,2.6,2.56,2.58
2024-08-08T13:05:00-04:00,2.5788424318258634,2.5788424318258634,2.55,2.550525
2024-08-08T13:06:00-04:00,2.5646837159129316,2.5646837159129316,2.52,2.5300000000000002
2024-08-08T13:07:00-04:00,2.547341857956466,2.547341857956466,2.44,2.4895
2024-08-08T13:08:00-04:00,2.518420928978233,2.52,2.485,2.5025
2024-08-08T13:18:00-04:00,2.5104604644891166,2.5104604644891166,2.4899,2.4899
2024-08-08T13:23:00-04:00,2.500180232244558,2.500180232244558,2.48,2.4850000000000003
2024-08-08T13:25:00-04:00,2.492590116122279,2.492590116122279,2.4899,2.4899
2024-08-08T13:33:00-04:00,2.4912450580611396,2.4912450580611396,2.44,2.465
2024-08-08T13:34:00-04:00,2.4781225290305695,2.5,2.4781225290305695,2.5
2024-08-08T13:35:00-04:00,2.4890612645152848,2.4890612645152848,2.47,2.47
2024-08-08T13:36:00-04:00,2.4795306322576423,2.5,2.47,2.4875000000000003
2024-08-08T13:39:00-04:00,2.4835153161288215,2.5,2.477,2.4885
2024-08-08T13:42:00-04:00,2.486007658064411,2.51,2.486007658064411,2.51
2024-08-08T13:43:00-04:00,2.4980038290322053,2.5099,2.43,2.466225
2024-08-08T13:44:00-04:00,2.4821144145161025,2.4821144145161025,2.42,2.4518
2024-08-08T13:45:00-04:00,2.4669572072580515,2.4899,2.42,2.45495
2024-08-08T13:49:00-04:00,2.460953603629026,2.460953603629026,2.4,2.4345
2024-08-08T13:56:00-04:00,2.447726801814513,2.45,2.447726801814513,2.45
2024-08-08T14:04:00-04:00,2.4488634009072565,2.4488634009072565,2.38,2.3899999999999997
2024-08-08T14:05:00-04:00,2.419431700453628,2.4399,2.419431700453628,2.4399
2024-08-08T14:11:00-04:00,2.4296658502268142,2.4296658502268142,2.35,2.3671249999999997
2024-08-08T14:12:00-04:00,2.398395425113407,2.398395425113407,2.3375,2.34875
2024-08-08T14:13:00-04:00,2.3735727125567037,2.3998,2.37,2.38245
2024-08-08T14:14:00-04:00,2.3780113562783516,2.4722,2.3780113562783516,2.4311749999999996
2024-08-08T14:16:00-04:00,2.4045931781391756,2.445,2.4045931781391756,2.445
2024-08-08T14:17:00-04:00,2.4247965890695875,2.4988,2.41,2.4544
2024-08-08T14:18:00-04:00,2.439598294534794,2.4653,2.41,2.43765
2024-08-08T14:19:00-04:00,2.4386241472673973,2.48,2.41,2.4450000000000003
2024-08-08T14:20:00-04:00,2.441812073633699,2.445,2.441812073633699,2.445
2024-08-08T14:21:00-04:00,2.4434060368168495,2.48,2.41,2.4450000000000003
2024-08-08T14:22:00-04:00,2.444203018408425,2.445,2.41,2.4275
2024-08-08T14:25:00-04:00,2.4358515092042126,2.5,2.3901,2.447525
2024-08-08T14:27:00-04:00,2.4416882546021066,2.45,2.3901,2.4225250000000003
2024-08-08T14:28:00-04:00,2.4321066273010534,2.49,2.4321066273010534,2.49
2024-08-08T14:32:00-04:00,2.4610533136505266,2.4653,2.3901,2.4276999999999997
2024-08-08T14:40:00-04:00,2.444376656825263,2.47,2.444376656825263,2.47
2024-08-08T14:47:00-04:00,2.4571883284126317,2.47,2.3901,2.432525
2024-08-08T14:58:00-04:00,2.444856664206316,2.4899,2.4001,2.4450000000000003
2024-08-08T14:59:00-04:00,2.4449283321031583,2.48,2.4001,2.4400250000000003
2024-08-08T15:00:00-04:00,2.4424766660515793,2.47,2.4001,2.4375250000000004
2024-08-08T15:01:00-04:00,2.44000083302579,2.48,2.4,2.435
2024-08-08T15:02:00-04:00,2.4375004165128953,2.4799,2.4001,2.435
2024-08-08T15:03:00-04:00,2.436250208256448,2.44,2.4001,2.4250249999999998
2024-08-08T15:04:00-04:00,2.430637604128224,2.44,2.408,2.4269999999999996
2024-08-08T15:05:00-04:00,2.4288188020641117,2.46,2.39,2.4299999999999997
2024-08-08T15:06:00-04:00,2.4294094010320557,2.4294094010320557,2.4,2.4
2024-08-08T15:07:00-04:00,2.414704700516028,2.4231,2.39,2.40655
2024-08-08T15:16:00-04:00,2.410627350258014,2.410627350258014,2.3721,2.3721
2024-08-08T15:18:00-04:00,2.391363675129007,2.391363675129007,2.2,2.278775
2024-08-08T15:19:00-04:00,2.3350693375645033,2.3350693375645033,2.22,2.24
2024-08-08T15:21:00-04:00,2.2875346687822518,2.2875346687822518,2.245,2.245
2024-08-08T15:22:00-04:00,2.266267334391126,2.266267334391126,2.17,2.2075
2024-08-08T15:23:00-04:00,2.236883667195563,2.236883667195563,2.2,2.2
2024-08-08T15:24:00-04:00,2.2184418335977814,2.2184418335977814,2.13,2.16
2024-08-08T15:25:00-04:00,2.1892209167988907,2.2,2.11,2.1374999999999997
2024-08-08T15:26:00-04:00,2.1633604583994455,2.1853,2.0403,2.127725
2024-08-08T15:29:00-04:00,2.1455427291997227,2.1979,2.1455427291997227,2.1979
2024-08-08T15:32:00-04:00,2.171721364599861,2.171721364599861,2.1134,2.1317
2024-08-08T15:33:00-04:00,2.151710682299931,2.151710682299931,2.1,2.125
2024-08-08T15:35:00-04:00,2.1383553411499654,2.1383553411499654,2.08,2.093025
2024-08-08T15:36:00-04:00,2.1156901705749824,2.1699,2.09,2.13245
2024-08-08T15:37:00-04:00,2.1240700852874914,2.1240700852874914,2.07,2.075
2024-08-08T15:38:00-04:00,2.099535042643746,2.1599,2.099535042643746,2.1374500000000003
2024-08-08T15:40:00-04:00,2.118492521321873,2.18,2.118492521321873,2.16875
2024-08-08T15:41:00-04:00,2.143621260660937,2.17,2.143621260660937,2.168
2024-08-08T15:43:00-04:00,2.1558106303304685,2.17,2.1558106303304685,2.17
2024-08-08T15:44:00-04:00,2.162905315165234,2.162905315165234,2.1046,2.1046
2024-08-08T15:45:00-04:00,2.133752657582617,2.1899,2.1,2.1562
2024-08-08T15:49:00-04:00,2.1449763287913086,2.16,2.1449763287913086,2.16
2024-08-08T15:54:00-04:00,2.1524881643956544,2.18,2.1,2.14445
2024-08-08T15:55:00-04:00,2.148469082197827,2.148469082197827,2.1399,2.1399
2024-08-08T15:56:00-04:00,2.1441845410989133,2.1441845410989133,2.1,2.12425
2024-08-08T15:57:00-04:00,2.1342172705494566,2.1399,2.12,2.127475
2024-08-08T15:58:00-04:00,2.1308461352747283,2.1399,2.12,2.134775
2024-08-08T15:59:00-04:00,2.132810567637364,2.132810567637364,2.13,2.13
2024-08-08T16:00:00-04:00,2.131405283818682,2.2099,2.131405283818682,2.179925
2024-08-08T16:03:00-04:00,2.155665141909341,2.2399,2.155665141909341,2.2249499999999998
2024-08-08T16:05:00-04:00,2.1903075709546704,2.2399,2.1903075709546704,2.232425
2024-08-08T16:06:00-04:00,2.211366285477335,2.4999,2.211366285477335,2.4999
2024-08-08T16:10:00-04:00,2.355633142738667,2.3887,2.21,2.29935
2024-08-08T17:11:00-04:00,2.3274915713693334,2.3274915713693334,2.11,2.11
2024-08-08T17:18:00-04:00,2.218745785684667,2.218745785684667,2.1999,2.1999
2024-08-08T17:25:00-04:00,2.2093228928423336,2.2093228928423336,2.11,2.11
2024-08-08T17:27:00-04:00,2.1596614464211665,2.1596614464211665,2.1,2.1
2024-08-08T17:29:00-04:00,2.129830723210583,2.129830723210583,2.0201,2.0201
2024-08-08T17:31:00-04:00,2.074965361605291,2.1299,2.074965361605291,2.1299
2024-08-08T17:35:00-04:00,2.1024326808026457,2.13,2.1024326808026457,2.13
2024-08-08T17:37:00-04:00,2.116216340401323,2.13,2.116216340401323,2.13
2024-08-08T17:54:00-04:00,2.1231081702006613,2.1231081702006613,2.1,2.1
2024-08-08T18:53:00-04:00,2.1115540851003307,2.2,2.1115540851003307,2.2
2024-08-08T19:42:00-04:00,2.1557770425501657,2.2,2.1557770425501657,2.2
2024-08-08T19:49:00-04:00,2.177888521275083,2.2,2.177888521275083,2.2
2024-08-08T19:50:00-04:00,2.1889442606375416,2.2,2.1889442606375416,2.2
2024-08-09T07:10:00-04:00,2.194472130318771,2.194472130318771,2.16,2.165
2024-08-09T08:00:00-04:00,2.1797360651593856,2.1797360651593856,2.1006,2.1303
2024-08-09T08:38:00-04:00,2.155018032579693,2.2,2.155018032579693,2.2
2024-08-09T08:40:00-04:00,2.1775090162898465,2.18,2.1775090162898465,2.18
2024-08-09T09:10:00-04:00,2.178754508144923,2.18,2.178754508144923,2.18
2024-08-09T09:11:00-04:00,2.1793772540724614,2.18,2.1793772540724614,2.18
2024-08-09T09:30:00-04:00,2.1796886270362306,2.1796886270362306,2.13,2.15
2024-08-09T09:31:00-04:00,2.164844313518115,2.164844313518115,2.13,2.13
2024-08-09T09:32:00-04:00,2.1474221567590575,2.1474221567590575,1.99,2.005
2024-08-09T09:33:00-04:00,2.0762110783795285,2.1699,1.99,2.039975
2024-08-09T09:34:00-04:00,2.0580930391897643,2.0861,1.9601,2.033075
2024-08-09T09:35:00-04:00,2.045584019594882,2.045584019594882,2.01,2.01
2024-08-09T09:36:00-04:00,2.027792009797441,2.0899,2.027792009797441,2.0899
2024-08-09T09:39:00-04:00,2.0588460048987205,2.44,2.011,2.1702500000000002
2024-08-09T09:40:00-04:00,2.1145480024493604,2.4664,2.1145480024493604,2.363025
2024-08-09T09:41:00-04:00,2.23878650122468,2.4799,2.23,2.317475
2024-08-09T09:47:00-04:00,2.2781307506123403,2.2781307506123403,2.165,2.165
2024-08-09T10:00:00-04:00,2.22156537530617,2.22156537530617,2.1001,2.1001
2024-08-09T10:01:00-04:00,2.160832687653085,2.160832687653085,2.16,2.16
2024-08-09T10:03:00-04:00,2.1604163438265425,2.1604163438265425,2.16,2.16
2024-08-09T10:09:00-04:00,2.160208171913271,2.160208171913271,2.14,2.14
2024-08-09T10:12:00-04:00,2.1501040859566354,2.1501040859566354,2.125,2.125
2024-08-09T10:13:00-04:00,2.1375520429783177,2.145,2.1375520429783177,2.145
2024-08-09T10:36:00-04:00,2.141276021489159,2.1458,2.141276021489159,2.1458
2024-08-09T10:56:00-04:00,2.1435380107445794,2.1435380107445794,2.01,2.055025
2024-08-09T10:57:00-04:00,2.0992815053722897,2.1099,2.0992815053722897,2.1099
2024-08-09T11:00:00-04:00,2.104590752686145,2.115,2.08,2.0975
2024-08-09T11:15:00-04:00,2.1010453763430723,2.1010453763430723,2.065,2.065
2024-08-09T11:16:00-04:00,2.0830226881715364,2.09,2.0830226881715364,2.09
2024-08-09T11:21:00-04:00,2.086511344085768,2.086511344085768,2.0862,2.0862
2024-08-09T11:25:00-04:00,2.0863556720428837,2.0863556720428837,2.05,2.05
2024-08-09T11:30:00-04:00,2.068177836021442,2.0822,2.068177836021442,2.0822
2024-08-09T11:45:00-04:00,2.0751889180107206,2.0751889180107206,2.07,2.07
2024-08-09T11:47:00-04:00,2.0725944590053604,2.0725944590053604,2.0682,2.0690999999999997
2024-08-09T11:49:00-04:00,2.07084722950268,2.07084722950268,2.0213,2.04565
2024-08-09T11:52:00-04:00,2.0582486147513404,2.11,2.0582486147513404,2.1075
2024-08-09T11:53:00-04:00,2.08287430737567,2.1007,2.08287430737567,2.1007
2024-08-09T11:54:00-04:00,2.091787153687835,2.11,2.091787153687835,2.105
2024-08-09T11:55:00-04:00,2.0983935768439173,2.0999,2.02,2.0599499999999997
2024-08-09T11:57:00-04:00,2.0791717884219585,2.0791717884219585,2.011,2.0376000000000003
2024-08-09T12:02:00-04:00,2.0583858942109794,2.0999,2.0472,2.07355
2024-08-09T12:17:00-04:00,2.0659679471054897,2.0659679471054897,2.02,2.02055
2024-08-09T12:18:00-04:00,2.043258973552745,2.0884,2.043258973552745,2.0884
2024-08-09T12:22:00-04:00,2.0658294867763725,2.08,2.0658294867763725,2.08
2024-08-09T12:27:00-04:00,2.0729147433881865,2.1,2.0715,2.08325
2024-08-09T12:29:00-04:00,2.0780823716940935,2.0780823716940935,2.05,2.05
2024-08-09T12:32:00-04:00,2.0640411858470467,2.09,2.0640411858470467,2.09
2024-08-09T12:43:00-04:00,2.0770205929235233,2.0999,2.0770205929235233,2.095675
2024-08-09T12:45:00-04:00,2.0863477964617614,2.09,2.08,2.085
2024-08-09T12:46:00-04:00,2.0856738982308807,2.1,2.0755,2.0877499999999998
2024-08-09T12:55:00-04:00,2.0867119491154402,2.0921,2.0867119491154402,2.090525
2024-08-09T12:56:00-04:00,2.08861847455772,2.1,2.08861847455772,2.09495
2024-08-09T13:04:00-04:00,2.09178423727886,2.09178423727886,2.08,2.08
2024-08-09T13:05:00-04:00,2.08589211863943,2.0999,2.08589211863943,2.0999
2024-08-09T13:08:00-04:00,2.092896059319715,2.092896059319715,2.088,2.088
2024-08-09T13:36:00-04:00,2.0904480296598575,2.0904480296598575,2.0822,2.0822
2024-08-09T13:41:00-04:00,2.0863240148299287,2.1,2.055,2.0775
2024-08-09T13:48:00-04:00,2.0819120074149646,2.0819120074149646,2.0344,2.0344
2024-08-09T14:00:00-04:00,2.0581560037074826,2.1199,2.05,2.08495
2024-08-09T14:39:00-04:00,2.0715530018537414,2.1199,2.0715530018537414,2.1150749999999996
2024-08-09T14:40:00-04:00,2.0933140009268705,2.0933140009268705,2.08,2.08
2024-08-09T14:44:00-04:00,2.0866570004634353,2.0866570004634353,2.01,2.0374999999999996
2024-08-09T14:45:00-04:00,2.0620785002317175,2.1199,2.0620785002317175,2.1199
2024-08-09T15:02:00-04:00,2.0909892501158587,2.0909892501158587,2.09,2.09
2024-08-09T15:03:00-04:00,2.0904946250579295,2.0904946250579295,2.07,2.07
2024-08-09T15:53:00-04:00,2.0802473125289644,2.1199,2.0802473125289644,2.1199
2024-08-09T15:57:00-04:00,2.100073656264482,2.100073656264482,2.075,2.07795
2024-08-09T16:00:00-04:00,2.089011828132241,2.1,2.089011828132241,2.099
2024-08-09T16:01:00-04:00,2.0940059140661207,2.1199,2.0940059140661207,2.1199
2024-08-09T16:04:00-04:00,2.1069529570330605,2.1069529570330605,2.1,2.1
2024-08-09T16:06:00-04:00,2.10347647851653,2.28,2.10347647851653,2.28
2024-08-09T17:00:00-04:00,2.1917382392582647,2.1917382392582647,2.01,2.01
2024-08-09T17:02:00-04:00,2.1008691196291323,2.1008691196291323,2,2
2024-08-09T17:03:00-04:00,2.0504345598145663,2.0504345598145663,1.99,1.995
2024-08-09T17:08:00-04:00,2.0227172799072832,2.0227172799072832,1.98,1.98
2024-08-09T17:17:00-04:00,2.001358639953642,2.001358639953642,2,2
2024-08-09T17:18:00-04:00,2.000679319976821,2.0999,2.000679319976821,2.0999
2024-08-09T17:25:00-04:00,2.0502896599884104,2.0502896599884104,2,2
2024-08-09T17:26:00-04:00,2.025144829994205,2.025144829994205,2,2
2024-08-09T17:27:00-04:00,2.0125724149971025,2.07,2.0125724149971025,2.07
2024-08-09T17:46:00-04:00,2.041286207498551,2.1,2.041286207498551,2.1
2024-08-12T08:43:00-04:00,2.0706431037492754,2.2,2.0706431037492754,2.1975
2024-08-12T08:46:00-04:00,2.1340715518746376,2.2,2.1340715518746376,2.2
2024-08-12T08:47:00-04:00,2.167035775937319,2.2,2.167035775937319,2.2
2024-08-12T08:48:00-04:00,2.1835178879686596,2.2,2.1835178879686596,2.2
2024-08-12T08:51:00-04:00,2.19175894398433,2.23,2.19175894398433,2.215
2024-08-12T08:57:00-04:00,2.203379471992165,2.35,2.203379471992165,2.35
2024-08-12T08:59:00-04:00,2.2766897359960825,2.4,2.2766897359960825,2.4
2024-08-12T09:00:00-04:00,2.338344867998041,2.4,2.338344867998041,2.4
2024-08-12T09:03:00-04:00,2.3691724339990206,2.3691724339990206,2.28,2.315
2024-08-12T09:05:00-04:00,2.34208621699951,2.4,2.28,2.34
2024-08-12T09:07:00-04:00,2.341043108499755,2.3998,2.341043108499755,2.3749000000000002
2024-08-12T09:12:00-04:00,2.3579715542498776,2.3579715542498776,2.28,2.28
2024-08-12T09:14:00-04:00,2.3189857771249387,2.33,2.3189857771249387,2.33
2024-08-12T09:20:00-04:00,2.324492888562469,2.4,2.324492888562469,2.39845
2024-08-12T09:22:00-04:00,2.361471444281235,2.41,2.361471444281235,2.41
2024-08-12T09:25:00-04:00,2.3857357221406175,2.3857357221406175,2.25,2.25
2024-08-12T09:26:00-04:00,2.317867861070309,2.34,2.317867861070309,2.34
2024-08-12T09:30:00-04:00,2.3289339305351544,2.3289339305351544,2.22,2.2350000000000003
2024-08-12T09:36:00-04:00,2.2819669652675776,2.2819669652675776,2.1805,2.220025
2024-08-12T09:37:00-04:00,2.250995982633789,2.250995982633789,2.06,2.14475
2024-08-12T09:38:00-04:00,2.1978729913168946,2.1978729913168946,2,2.0455
2024-08-12T09:39:00-04:00,2.121686495658447,2.2399,2.0387,2.1421
2024-08-12T09:45:00-04:00,2.1318932478292236,2.1318932478292236,2.105,2.105
2024-08-12T09:46:00-04:00,2.118446623914612,2.2237,2.0946,2.15915
2024-08-12T09:47:00-04:00,2.1387983119573057,2.1999,2.1387983119573057,2.1874000000000002
2024-08-12T09:48:00-04:00,2.163099155978653,2.2499,2.163099155978653,2.21855
2024-08-12T09:49:00-04:00,2.1908245779893267,2.2499,2.1908245779893267,2.2497
2024-08-12T09:50:00-04:00,2.2202622889946633,2.25,2.0926,2.20815
2024-08-12T09:53:00-04:00,2.2142061444973313,2.2142061444973313,2.061,2.14575
2024-08-12T09:54:00-04:00,2.179978072248666,2.18,2.0614,2.1207000000000003
2024-08-12T09:55:00-04:00,2.150339036124333,2.1999,2.06,2.12995
2024-08-12T09:56:00-04:00,2.1401445180621668,2.1923,2.1401445180621668,2.1798249999999997
2024-08-12T09:57:00-04:00,2.159984759031083,2.19,2.159984759031083,2.19
2024-08-12T09:59:00-04:00,2.1749923795155413,2.1988,2.1749923795155413,2.1908999999999996
2024-08-12T10:03:00-04:00,2.1829461897577707,2.192,2.125,2.16105
2024-08-12T10:04:00-04:00,2.1719980948788855,2.1719980948788855,2.145,2.1571499999999997
2024-08-12T10:07:00-04:00,2.1645740474394426,2.17,2.1645740474394426,2.1696999999999997
2024-08-12T10:08:00-04:00,2.167137023719721,2.1701,2.167137023719721,2.17005
2024-08-12T10:10:00-04:00,2.1685935118598607,2.17,2.1387,2.15435
2024-08-12T10:11:00-04:00,2.1614717559299303,2.2691,2.159,2.2142999999999997
2024-08-12T10:13:00-04:00,2.1878858779649653,2.1976,2.1878858779649653,2.1976
2024-08-12T10:17:00-04:00,2.192742938982483,2.25,2.192742938982483,2.25
2024-08-12T10:18:00-04:00,2.2213714694912414,2.3196,2.2002,2.26235
2024-08-12T10:20:00-04:00,2.2418607347456208,2.32,2.2418607347456208,2.3198999999999996
2024-08-12T10:24:00-04:00,2.28088036737281,2.285,2.23,2.269925
2024-08-12T10:25:00-04:00,2.275402683686405,2.3085,2.16,2.24425
2024-08-12T10:27:00-04:00,2.2598263418432025,2.2598263418432025,2.18,2.18
2024-08-12T10:41:00-04:00,2.2199131709216013,2.29,2.2199131709216013,2.29
2024-08-12T10:49:00-04:00,2.2549565854608007,2.2549565854608007,2.18,2.22995
2024-08-12T10:52:00-04:00,2.2424532927304,2.2424532927304,2.18,2.189825
2024-08-12T10:53:00-04:00,2.2161391463652,2.2161391463652,2.1601,2.1799999999999997
2024-08-12T10:54:00-04:00,2.1980695731826,2.1980695731826,2.1857,2.1857
2024-08-12T10:55:00-04:00,2.1918847865913,2.1918847865913,2.17,2.17
2024-08-12T10:56:00-04:00,2.18094239329565,2.2,2.18094239329565,2.194425
2024-08-12T10:57:00-04:00,2.187683696647825,2.24,2.187683696647825,2.2375
2024-08-12T11:01:00-04:00,2.212591848323912,2.2593,2.212591848323912,2.2593
2024-08-12T11:02:00-04:00,2.235945924161956,2.2799,2.235945924161956,2.25995
2024-08-12T11:03:00-04:00,2.247947962080978,2.43,2.247947962080978,2.354925
2024-08-12T11:04:00-04:00,2.301436481040489,2.44,2.3,2.40245
2024-08-12T11:05:00-04:00,2.3519432405202445,2.429,2.3519432405202445,2.4245
2024-08-12T11:06:00-04:00,2.388221620260122,2.42,2.3619,2.3897500000000003
2024-08-12T11:07:00-04:00,2.388985810130061,2.388985810130061,2.37,2.37
2024-08-12T11:08:00-04:00,2.379492905065031,2.4099,2.37,2.38995
2024-08-12T11:12:00-04:00,2.3847214525325153,2.4099,2.33,2.3724749999999997
2024-08-12T11:13:00-04:00,2.3785982262662575,2.3785982262662575,2.34,2.34
2024-08-12T11:14:00-04:00,2.3592991131331287,2.37,2.3302,2.3501000000000003
2024-08-12T11:15:00-04:00,2.3546995565665645,2.3785,2.3001,2.346775
2024-08-12T11:17:00-04:00,2.3507372782832823,2.41,2.13,2.267525
2024-08-12T11:18:00-04:00,2.309131139141641,2.39,2.2,2.3116250000000003
2024-08-12T11:29:00-04:00,2.3103780695708207,2.3103780695708207,2.23,2.23
2024-08-12T11:45:00-04:00,2.2701890347854103,2.2701890347854103,2.21,2.2129
2024-08-12T11:52:00-04:00,2.241544517392705,2.241544517392705,2.2199,2.2199
2024-08-12T11:57:00-04:00,2.2307222586963524,2.2307222586963524,2.19,2.19
2024-08-12T12:07:00-04:00,2.2103611293481764,2.2765,2.12,2.21325
2024-08-12T12:08:00-04:00,2.211805564674088,2.2714,2.211805564674088,2.2714
2024-08-12T12:09:00-04:00,2.241602782337044,2.2732,2.12,2.2178500000000003
2024-08-12T12:11:00-04:00,2.229726391168522,2.29,2.12,2.215
2024-08-12T12:12:00-04:00,2.222363195584261,2.23,2.222363195584261,2.23
2024-08-12T12:13:00-04:00,2.2261815977921304,2.2629,2.14,2.2014500000000004
2024-08-12T12:14:00-04:00,2.213815798896065,2.25,2.213815798896065,2.24
2024-08-12T12:15:00-04:00,2.2269078994480327,2.2719,2.2269078994480327,2.2699
2024-08-12T12:16:00-04:00,2.2484039497240165,2.25,2.2484039497240165,2.25
2024-08-12T12:17:00-04:00,2.2492019748620082,2.27,2.174,2.246
2024-08-12T12:18:00-04:00,2.247600987431004,2.247600987431004,2.2371,2.2371
2024-08-12T12:19:00-04:00,2.242350493715502,2.26,2.242350493715502,2.26
2024-08-12T12:20:00-04:00,2.251175246857751,2.251175246857751,2.14,2.193525
2024-08-12T12:22:00-04:00,2.2223501234288756,2.2223501234288756,2.18,2.18
2024-08-12T12:24:00-04:00,2.201175061714438,2.2594,2.201175061714438,2.2558499999999997
2024-08-12T12:27:00-04:00,2.228512530857219,2.27,2.228512530857219,2.27
2024-08-12T12:28:00-04:00,2.2492562654286097,2.27,2.2492562654286097,2.27
2024-08-12T12:29:00-04:00,2.2596281327143046,2.2763,2.2596281327143046,2.2763
2024-08-12T12:30:00-04:00,2.2679640663571523,2.28,2.1801,2.23005
2024-08-12T12:32:00-04:00,2.249007033178576,2.285,2.249007033178576,2.285
2024-08-12T12:33:00-04:00,2.267003516589288,2.2805,2.267003516589288,2.2805
2024-08-12T12:35:00-04:00,2.273751758294644,2.2799,2.235,2.25745
2024-08-12T12:36:00-04:00,2.265600879147322,2.265600879147322,2.235,2.235
2024-08-12T12:37:00-04:00,2.250300439573661,2.2792,2.19,2.2346
2024-08-12T12:39:00-04:00,2.2424502197868303,2.2707,2.2424502197868303,2.2707
2024-08-12T12:40:00-04:00,2.256575109893415,2.2707,2.235,2.25285
2024-08-12T12:43:00-04:00,2.2547125549467077,2.2796,2.2547125549467077,2.2796
2024-08-12T12:53:00-04:00,2.2671562774733536,2.27,2.23,2.25
2024-08-12T12:55:00-04:00,2.258578138736677,2.2688,2.258578138736677,2.2688
2024-08-12T12:56:00-04:00,2.2636890693683385,2.2699,2.18,2.22995
2024-08-12T12:57:00-04:00,2.2468195346841693,2.2699,2.18,2.2249499999999998
2024-08-12T12:59:00-04:00,2.2358847673420845,2.26,2.2358847673420845,2.26
2024-08-12T13:06:00-04:00,2.247942383671042,2.2776,2.247942383671042,2.2776
2024-08-12T13:07:00-04:00,2.262771191835521,2.2898,2.262771191835521,2.289775