time,open,high,low,close,EMA10,EMA130,VWAP,Bull_window,Bear_window,Plot,Plot,Bullish,Bullish+,Bearish,Bearish+,Bullish Exit,Bearish Exit,Trend Strength,Take Profit,Stop Loss,Bar Color Value,Trend Tracer,Trend Catcher,Smart Trail,Smart Trail Extremity,RZ R3 Band,RZ R2 Band,RZ R1 Band,RZ S1 Band,RZ S2 Band,RZ S3 Band,Neo Lead,Neo Lag,Custom Alert Condition Highlighter,Bullish,Bullish+,Bearish,Bearish+,Bullish Exit,Bearish Exit,Trend Strength,Take Profit,Stop Loss,Bar Color Value,Trend Tracer,Trend Catcher,Smart Trail,Smart Trail Extremity,RZ R3 Band,RZ R2 Band,RZ R1 Band,RZ S1 Band,RZ S2 Band,RZ S3 Band,Neo Lead,Neo Lag,Custom Alert Condition Highlighter
2023-11-01,2.875,3.69,2.05,2.8724999999999996,NaN,NaN,2.8724999999999996,0,0,NaN,NaN,0,0,0,0,NaN,NaN,NaN,NaN,NaN,NaN,2.8724999999999996,2.8724999999999996,NaN,NaN,NaN,NaN,NaN,NaN,NaN,NaN,NaN,NaN,1,0,0,0,0,NaN,NaN,NaN,NaN,NaN,NaN,2.8724999999999996,2.8724999999999996,NaN,NaN,NaN,NaN,NaN,NaN,NaN,NaN,NaN,NaN,1
2023-11-02,2.87375,2.87375,1.66,2.1,NaN,NaN,2.1,0,0,NaN,NaN,0,0,1,0,NaN,NaN,NaN,NaN,NaN,NaN,2.1,2.4746625,NaN,NaN,NaN,NaN,NaN,NaN,NaN,NaN,NaN,NaN,1,0,0,1,0,NaN,NaN,NaN,NaN,NaN,NaN,2.1,2.4746625,NaN,NaN,NaN,NaN,NaN,NaN,NaN,NaN,NaN,NaN,1
2023-11-03,2.486875,2.486875,1.76,1.8525,NaN,NaN,1.8525,0,0,NaN,NaN,0,0,0,0,NaN,NaN,NaN,NaN,NaN,NaN,1.8525,2.3210077499999997,NaN,NaN,NaN,NaN,NaN,NaN,NaN,NaN,NaN,NaN,1,0,0,0,0,NaN,NaN,NaN,NaN,NaN,NaN,1.8525,2.3210077499999997,NaN,NaN,NaN,NaN,NaN,NaN,NaN,NaN,NaN,NaN,1
2023-11-06,2.1696875,2.1696875,1.75,1.801975,NaN,NaN,1.801975,0,0,NaN,NaN,0,0,0,0,NaN,1.75,NaN,NaN,NaN,NaN,1.801975,2.2513059275,NaN,NaN,NaN,NaN,NaN,NaN,NaN,NaN,NaN,NaN,1,0,0,0,0,NaN,1.75,NaN,NaN,NaN,NaN,1.801975,2.2513059275,NaN,NaN,NaN,NaN,NaN,NaN,NaN,NaN,NaN,NaN,1
2023-11-07,1.9858312500000002,1.9858312500000002,1.53,1.6675,NaN,NaN,1.6675,0,0,NaN,NaN,0,0,0,0,NaN,1.53,NaN,NaN,NaN,NaN,1.6675,2.1220802161999996,NaN,NaN,NaN,NaN,NaN,NaN,NaN,NaN,NaN,NaN,1,0,0,0,0,NaN,1.53,NaN,NaN,NaN,NaN,1.6675,2.1220802161999996,NaN,NaN,NaN,NaN,NaN,NaN,NaN,NaN,NaN,NaN,1
2023-11-08,1.826665625,1.826665625,1.32,1.467475,NaN,NaN,1.467475,0,0,NaN,NaN,0,0,0,0,NaN,NaN,NaN,NaN,NaN,NaN,1.467475,1.9388788087699997,NaN,NaN,NaN,NaN,NaN,NaN,NaN,NaN,NaN,NaN,1,0,0,0,0,NaN,NaN,NaN,NaN,NaN,NaN,1.467475,1.9388788087699997,NaN,NaN,NaN,NaN,NaN,NaN,NaN,NaN,NaN,NaN,1
2023-11-09,1.6470703125,3.15,1.28,2,NaN,NaN,2,0,0,NaN,NaN,1,0,0,0,NaN,NaN,NaN,NaN,NaN,NaN,2,1.9388788087699997,NaN,NaN,NaN,NaN,NaN,NaN,NaN,NaN,NaN,NaN,1,1,0,0,0,NaN,NaN,NaN,NaN,NaN,NaN,2,1.9388788087699997,NaN,NaN,NaN,NaN,NaN,NaN,NaN,NaN,NaN,NaN,1
2023-11-10,1.82353515625,2.15,1.7,1.9625000000000001,NaN,NaN,1.9625000000000004,0,0,NaN,NaN,0,0,0,0,NaN,NaN,NaN,NaN,NaN,NaN,1.9625000000000001,1.9388788087699997,NaN,NaN,NaN,NaN,NaN,NaN,NaN,NaN,NaN,NaN,1,0,0,0,0,NaN,NaN,NaN,NaN,NaN,NaN,1.9625000000000001,1.9388788087699997,NaN,NaN,NaN,NaN,NaN,NaN,NaN,NaN,NaN,NaN,1
2023-11-13,1.893017578125,2.0999,1.79,1.923775,NaN,NaN,1.923775,0,0,NaN,NaN,0,0,0,0,NaN,NaN,NaN,NaN,NaN,NaN,1.923775,1.9388788087699997,NaN,NaN,NaN,NaN,NaN,NaN,NaN,NaN,NaN,NaN,1,0,0,0,0,NaN,NaN,NaN,NaN,NaN,NaN,1.923775,1.9388788087699997,NaN,NaN,NaN,NaN,NaN,NaN,NaN,NaN,NaN,NaN,1
2023-11-14,1.9083962890625,2.1899,1.9,2.052975,1.97012,NaN,2.052975,0,0,NaN,NaN,0,0,0,0,NaN,NaN,NaN,NaN,NaN,NaN,2.052975,1.9388788087699997,NaN,NaN,NaN,NaN,NaN,NaN,NaN,NaN,NaN,NaN,1,0,0,0,0,NaN,NaN,NaN,NaN,NaN,NaN,2.052975,1.9388788087699997,NaN,NaN,NaN,NaN,NaN,NaN,NaN,NaN,NaN,NaN,1
2023-11-15,1.98068564453125,4.25,1.98068564453125,2.8175000000000003,2.1241890909090912,NaN,2.8175000000000003,0,0,NaN,NaN,0,0,0,0,NaN,NaN,NaN,NaN,NaN,NaN,2.8175000000000003,2.2639897500000004,NaN,NaN,NaN,NaN,NaN,NaN,NaN,NaN,NaN,NaN,1,0,0,0,0,NaN,NaN,NaN,NaN,NaN,NaN,2.8175000000000003,2.2639897500000004,NaN,NaN,NaN,NaN,NaN,NaN,NaN,NaN,NaN,NaN,1
2023-11-16,2.399092822265625,3.0888,2.31,2.7347,2.2351910743801655,NaN,2.7347,0,0,NaN,NaN,0,0,0,0,NaN,NaN,NaN,NaN,NaN,NaN,2.7347,2.2639897500000004,NaN,NaN,NaN,NaN,NaN,NaN,NaN,NaN,NaN,NaN,1,0,0,0,0,NaN,NaN,NaN,NaN,NaN,NaN,2.7347,2.2639897500000004,NaN,NaN,NaN,NaN,NaN,NaN,NaN,NaN,NaN,NaN,1
2023-11-17,2.5668964111328125,3.13,2.43,2.7,2.3197017881292266,NaN,2.7,0,0,NaN,NaN,0,0,0,0,NaN,NaN,NaN,NaN,NaN,NaN,2.7,2.2639897500000004,NaN,NaN,NaN,NaN,NaN,NaN,NaN,NaN,NaN,NaN,1,0,0,0,0,NaN,NaN,NaN,NaN,NaN,NaN,2.7,2.2639897500000004,NaN,NaN,NaN,NaN,NaN,NaN,NaN,NaN,NaN,NaN,1
2023-11-20,2.633448205566406,2.98,2.48,2.6725,2.3838469175602763,NaN,2.6725,0,0,NaN,NaN,0,0,0,0,NaN,NaN,NaN,NaN,NaN,NaN,2.6725,2.2639897500000004,NaN,NaN,NaN,NaN,NaN,NaN,NaN,NaN,NaN,NaN,1,0,0,0,0,NaN,NaN,NaN,NaN,NaN,NaN,2.6725,2.2639897500000004,NaN,NaN,NaN,NaN,NaN,NaN,NaN,NaN,NaN,NaN,1
2023-11-21,2.652974102783203,3,2.6,2.7824999999999998,2.4563292961856806,NaN,2.7824999999999998,0,0,NaN,NaN,0,0,0,0,NaN,NaN,NaN,NaN,NaN,NaN,2.7824999999999998,2.2639897500000004,NaN,NaN,NaN,NaN,NaN,NaN,NaN,NaN,NaN,NaN,1,0,0,0,0,NaN,NaN,NaN,NaN,NaN,NaN,2.7824999999999998,2.2639897500000004,NaN,NaN,NaN,NaN,NaN,NaN,NaN,NaN,NaN,NaN,1
2023-11-22,2.7177370513916013,2.91,2.6202,2.74005,2.5079148786973753,NaN,2.74005,0,0,NaN,NaN,0,0,0,0,NaN,NaN,NaN,NaN,NaN,NaN,2.74005,2.2639897500000004,NaN,NaN,NaN,NaN,NaN,NaN,NaN,NaN,NaN,NaN,1,0,0,0,0,NaN,NaN,NaN,NaN,NaN,NaN,2.74005,2.2639897500000004,NaN,NaN,NaN,NaN,NaN,NaN,NaN,NaN,NaN,NaN,1
2023-11-24,2.728893525695801,2.82,2.5,2.64145,2.532193991661489,NaN,2.64145,0,0,NaN,NaN,0,0,0,0,NaN,NaN,NaN,NaN,NaN,NaN,2.64145,2.2639897500000004,NaN,NaN,NaN,NaN,NaN,NaN,NaN,NaN,NaN,NaN,1,0,0,0,0,NaN,NaN,NaN,NaN,NaN,NaN,2.64145,2.2639897500000004,NaN,NaN,NaN,NaN,NaN,NaN,NaN,NaN,NaN,NaN,1
2023-11-27,2.6851717628479004,2.73,1.83,2.3000000000000003,2.489976902268491,NaN,2.3000000000000003,0,0,NaN,NaN,0,0,0,0,NaN,NaN,NaN,NaN,NaN,NaN,2.3000000000000003,2.2639897500000004,NaN,NaN,NaN,NaN,NaN,NaN,NaN,NaN,NaN,NaN,1,0,0,0,0,NaN,NaN,NaN,NaN,NaN,NaN,2.3000000000000003,2.2639897500000004,NaN,NaN,NaN,NaN,NaN,NaN,NaN,NaN,NaN,NaN,1
2023-11-28,2.4925858814239503,2.4925858814239503,1.51,1.8138999999999998,2.3670538291287655,NaN,1.8138999999999998,0,0,NaN,NaN,0,0,0,0,NaN,NaN,NaN,NaN,NaN,NaN,1.8138999999999998,2.2639897500000004,NaN,NaN,NaN,NaN,NaN,NaN,NaN,NaN,NaN,NaN,1,0,0,0,0,NaN,NaN,NaN,NaN,NaN,NaN,1.8138999999999998,2.2639897500000004,NaN,NaN,NaN,NaN,NaN,NaN,NaN,NaN,NaN,NaN,1
2023-11-29,2.153242940711975,2.153242940711975,1.54,1.633,2.2335894965598992,NaN,1.633,0,0,NaN,NaN,0,0,1,0,NaN,NaN,NaN,NaN,NaN,NaN,1.633,2.2074825000000002,NaN,NaN,NaN,NaN,NaN,NaN,NaN,NaN,NaN,NaN,1,0,0,1,0,NaN,NaN,NaN,NaN,NaN,NaN,1.633,2.2074825000000002,NaN,NaN,NaN,NaN,NaN,NaN,NaN,NaN,NaN,NaN,1
2023-11-30,1.8931214703559875,1.8931214703559875,1.46,1.53,2.1056641335490083,NaN,1.53,0,0,NaN,NaN,0,0,0,0,NaN,NaN,NaN,NaN,NaN,NaN,1.53,2.137203025,NaN,NaN,NaN,NaN,NaN,NaN,NaN,NaN,NaN,NaN,1,0,0,0,0,NaN,NaN,NaN,NaN,NaN,NaN,1.53,2.137203025,NaN,NaN,NaN,NaN,NaN,NaN,NaN,NaN,NaN,NaN,1
2023-12-01,1.7115607351779938,2.3399,1.44,1.8974750000000002,2.067811563812825,NaN,1.8974750000000005,0,0,NaN,NaN,0,0,0,0,NaN,NaN,NaN,NaN,NaN,NaN,1.8974750000000002,2.137203025,NaN,NaN,NaN,NaN,NaN,NaN,NaN,NaN,NaN,NaN,1,0,0,0,0,NaN,NaN,NaN,NaN,NaN,NaN,1.8974750000000002,2.137203025,NaN,NaN,NaN,NaN,NaN,NaN,NaN,NaN,NaN,NaN,1
2023-12-04,1.804517867588997,2.54,1.804517867588997,2.1975,2.0913912794832203,NaN,2.1975,0,0,NaN,NaN,0,0,0,0,NaN,NaN,NaN,NaN,NaN,NaN,2.1975,2.137203025,NaN,NaN,NaN,NaN,NaN,NaN,NaN,NaN,NaN,NaN,1,0,0,0,0,NaN,NaN,NaN,NaN,NaN,NaN,2.1975,2.137203025,NaN,NaN,NaN,NaN,NaN,NaN,NaN,NaN,NaN,NaN,1
2023-12-05,2.0010089337944983,2.5553,2.0010089337944983,2.366325,2.1413792286680895,NaN,2.366325,0,0,NaN,NaN,0,0,0,0,NaN,NaN,NaN,NaN,NaN,NaN,2.366325,2.137203025,NaN,NaN,NaN,NaN,NaN,NaN,NaN,NaN,NaN,NaN,1,0,0,0,0,NaN,NaN,NaN,NaN,NaN,NaN,2.366325,2.137203025,NaN,NaN,NaN,NaN,NaN,NaN,NaN,NaN,NaN,NaN,1
2023-12-06,2.183666966897249,3.97,2.183666966897249,2.95,2.2884011870920733,NaN,2.95,0,0,NaN,NaN,1,0,0,0,NaN,NaN,NaN,NaN,NaN,NaN,2.95,2.2826,NaN,NaN,NaN,NaN,NaN,NaN,NaN,NaN,NaN,NaN,1,1,0,0,0,NaN,NaN,NaN,NaN,NaN,NaN,2.95,2.2826,NaN,NaN,NaN,NaN,NaN,NaN,NaN,NaN,NaN,NaN,1
2023-12-07,2.5668334834486246,3.9,2.5668334834486246,3.53,2.5141464258026054,NaN,3.5300000000000002,0,0,NaN,NaN,0,0,0,0,NaN,NaN,NaN,NaN,NaN,NaN,3.53,2.6013219999999997,NaN,NaN,NaN,NaN,NaN,NaN,NaN,NaN,NaN,NaN,1,0,0,0,0,NaN,NaN,NaN,NaN,NaN,NaN,3.53,2.6013219999999997,NaN,NaN,NaN,NaN,NaN,NaN,NaN,NaN,NaN,NaN,1
2023-12-08,3.048416741724312,3.6,2.95,3.2775,2.6529379847475862,NaN,3.2775,0,0,NaN,NaN,0,0,0,0,NaN,NaN,NaN,NaN,NaN,NaN,3.2775,2.6013219999999997,NaN,NaN,NaN,NaN,NaN,NaN,NaN,NaN,NaN,NaN,1,0,0,0,0,NaN,NaN,NaN,NaN,NaN,NaN,3.2775,2.6013219999999997,NaN,NaN,NaN,NaN,NaN,NaN,NaN,NaN,NaN,NaN,1
2023-12-11,3.162958370862156,3.26,1.9,2.5725249999999997,2.638317442066207,NaN,2.5725249999999997,0,0,NaN,NaN,0,0,0,0,NaN,NaN,NaN,NaN,NaN,NaN,2.5725249999999997,2.6013219999999997,NaN,NaN,NaN,NaN,NaN,NaN,NaN,NaN,NaN,NaN,1,0,0,0,0,NaN,NaN,NaN,NaN,NaN,NaN,2.5725249999999997,2.6013219999999997,NaN,NaN,NaN,NaN,NaN,NaN,NaN,NaN,NaN,NaN,1
2023-12-12,2.8677416854310778,2.8677416854310778,2.0501,2.240025,2.565900634417806,NaN,2.240025,0,0,NaN,NaN,0,0,0,0,NaN,NaN,NaN,NaN,NaN,NaN,2.240025,2.6013219999999997,NaN,NaN,NaN,NaN,NaN,NaN,NaN,NaN,NaN,NaN,1,0,0,0,0,NaN,NaN,NaN,NaN,NaN,NaN,2.240025,2.6013219999999997,NaN,NaN,NaN,NaN,NaN,NaN,NaN,NaN,NaN,NaN,1
2023-12-13,2.553883342715539,2.553883342715539,1.755,2.11125,2.4832368827054774,NaN,2.11125,0,0,NaN,NaN,0,0,0,0,NaN,NaN,NaN,NaN,NaN,NaN,2.11125,2.6013219999999997,NaN,NaN,NaN,NaN,NaN,NaN,NaN,NaN,NaN,NaN,1,0,0,0,0,NaN,NaN,NaN,NaN,NaN,NaN,2.11125,2.6013219999999997,NaN,NaN,NaN,NaN,NaN,NaN,NaN,NaN,NaN,NaN,1
2023-12-14,2.3325666713577693,2.3325666713577693,1.46,1.7399999999999998,2.3481029040317543,NaN,1.7399999999999995,0,0,NaN,NaN,0,0,0,0,NaN,NaN,NaN,NaN,NaN,NaN,1.7399999999999998,2.6013219999999997,NaN,NaN,NaN,NaN,NaN,NaN,NaN,NaN,NaN,NaN,1,0,0,0,0,NaN,NaN,NaN,NaN,NaN,NaN,1.7399999999999998,2.6013219999999997,NaN,NaN,NaN,NaN,NaN,NaN,NaN,NaN,NaN,NaN,1
2023-12-15,2.0362833356788848,2.0362833356788848,1.636,1.7690000000000001,2.2428114669350716,NaN,1.7690000000000001,0,0,NaN,NaN,0,0,0,0,NaN,NaN,NaN,NaN,NaN,NaN,1.7690000000000001,2.6013219999999997,NaN,NaN,NaN,NaN,NaN,NaN,NaN,NaN,NaN,NaN,1,0,0,0,0,NaN,NaN,NaN,NaN,NaN,NaN,1.7690000000000001,2.6013219999999997,NaN,NaN,NaN,NaN,NaN,NaN,NaN,NaN,NaN,NaN,1
2023-12-18,1.9026416678394424,1.9026416678394424,1.71,1.7617749999999999,2.155350291128695,NaN,1.7617749999999996,0,0,NaN,NaN,0,0,0,0,NaN,NaN,NaN,NaN,NaN,NaN,1.7617749999999999,2.6013219999999997,NaN,NaN,NaN,NaN,NaN,NaN,NaN,NaN,NaN,NaN,1,0,0,0,0,NaN,NaN,NaN,NaN,NaN,NaN,1.7617749999999999,2.6013219999999997,NaN,NaN,NaN,NaN,NaN,NaN,NaN,NaN,NaN,NaN,1
2023-12-19,1.8322083339197213,1.8322083339197213,1.62,1.7325000000000002,2.078468420014387,NaN,1.7325000000000004,0,0,NaN,NaN,0,0,0,0,NaN,NaN,NaN,NaN,NaN,NaN,1.7325000000000002,2.6013219999999997,NaN,NaN,NaN,NaN,NaN,NaN,NaN,NaN,NaN,NaN,1,0,0,0,0,NaN,NaN,NaN,NaN,NaN,NaN,1.7325000000000002,2.6013219999999997,NaN,NaN,NaN,NaN,NaN,NaN,NaN,NaN,NaN,NaN,1
2023-12-20,1.7823541669598608,1.7823541669598608,1.61,1.685,2.0069287072844983,NaN,1.685,0,0,NaN,NaN,0,0,0,0,NaN,NaN,NaN,NaN,NaN,NaN,1.685,2.6013219999999997,NaN,NaN,NaN,NaN,NaN,NaN,NaN,NaN,NaN,NaN,1,0,0,0,0,NaN,NaN,NaN,NaN,NaN,NaN,1.685,2.6013219999999997,NaN,NaN,NaN,NaN,NaN,NaN,NaN,NaN,NaN,NaN,1
2023-12-21,1.7336770834799304,2.12,1.69,1.86985,1.9820053059600442,NaN,1.8698499999999998,0,0,NaN,NaN,0,0,0,0,NaN,NaN,NaN,NaN,NaN,NaN,1.86985,2.6013219999999997,NaN,NaN,NaN,NaN,NaN,NaN,NaN,NaN,NaN,NaN,1,0,0,0,0,NaN,NaN,NaN,NaN,NaN,NaN,1.86985,2.6013219999999997,NaN,NaN,NaN,NaN,NaN,NaN,NaN,NaN,NaN,NaN,1
2023-12-22,1.8017635417399651,1.98,1.76,1.8925,1.9657316139673089,NaN,1.8925,0,0,NaN,NaN,0,0,0,0,NaN,NaN,NaN,NaN,NaN,NaN,1.8925,2.6013219999999997,NaN,NaN,NaN,NaN,NaN,NaN,NaN,NaN,NaN,NaN,1,0,0,0,0,NaN,NaN,NaN,NaN,NaN,NaN,1.8925,2.6013219999999997,NaN,NaN,NaN,NaN,NaN,NaN,NaN,NaN,NaN,NaN,1
2023-12-26,1.8471317708699826,1.9199,1.8028,1.863175,1.9470849568823436,NaN,1.863175,0,0,NaN,NaN,0,0,0,0,NaN,NaN,NaN,NaN,NaN,NaN,1.863175,2.6013219999999997,NaN,NaN,NaN,NaN,NaN,NaN,NaN,NaN,NaN,NaN,1,0,0,0,0,NaN,NaN,NaN,NaN,NaN,NaN,1.863175,2.6013219999999997,NaN,NaN,NaN,NaN,NaN,NaN,NaN,NaN,NaN,NaN,1
2023-12-27,1.8551533854349913,1.9182,1.76,1.8468,1.928851328358281,NaN,1.8468,0,0,NaN,NaN,0,0,0,0,NaN,NaN,NaN,NaN,NaN,NaN,1.8468,2.6013219999999997,NaN,NaN,NaN,NaN,NaN,NaN,NaN,NaN,NaN,NaN,1,0,0,0,0,NaN,NaN,NaN,NaN,NaN,NaN,1.8468,2.6013219999999997,NaN,NaN,NaN,NaN,NaN,NaN,NaN,NaN,NaN,NaN,1
2023-12-28,1.8509766927174955,1.8509766927174955,1.7,1.789725,1.903555632293139,NaN,1.7897249999999998,0,0,NaN,NaN,0,0,0,0,NaN,NaN,NaN,NaN,NaN,NaN,1.789725,2.6013219999999997,NaN,NaN,NaN,NaN,NaN,NaN,NaN,NaN,NaN,NaN,1,0,0,0,0,NaN,NaN,NaN,NaN,NaN,NaN,1.789725,2.6013219999999997,NaN,NaN,NaN,NaN,NaN,NaN,NaN,NaN,NaN,NaN,1
2023-12-29,1.8203508463587479,1.83,1.71,1.7875,1.882454608239841,NaN,1.7875,0,0,NaN,NaN,0,0,0,0,NaN,NaN,NaN,NaN,NaN,NaN,1.7875,2.6013219999999997,NaN,NaN,NaN,NaN,NaN,NaN,NaN,NaN,NaN,NaN,1,0,0,0,0,NaN,NaN,NaN,NaN,NaN,NaN,1.7875,2.6013219999999997,NaN,NaN,NaN,NaN,NaN,NaN,NaN,NaN,NaN,NaN,1
2024-01-02,1.803925423179374,1.803925423179374,1.62,1.7275,1.8542810431053245,NaN,1.7275,0,0,NaN,NaN,0,0,0,0,NaN,NaN,NaN,NaN,NaN,NaN,1.7275,2.6013219999999997,NaN,NaN,NaN,NaN,NaN,NaN,NaN,NaN,NaN,NaN,1,0,0,0,0,NaN,NaN,NaN,NaN,NaN,NaN,1.7275,2.6013219999999997,NaN,NaN,NaN,NaN,NaN,NaN,NaN,NaN,NaN,NaN,1
2024-01-03,1.765712711589687,1.765712711589687,1.65,1.705425,1.8272163079952655,NaN,1.705425,0,0,NaN,NaN,0,0,0,0,NaN,NaN,NaN,NaN,NaN,NaN,1.705425,2.6013219999999997,NaN,NaN,NaN,NaN,NaN,NaN,NaN,NaN,NaN,NaN,1,0,0,0,0,NaN,NaN,NaN,NaN,NaN,NaN,1.705425,2.6013219999999997,NaN,NaN,NaN,NaN,NaN,NaN,NaN,NaN,NaN,NaN,1
2024-01-04,1.7355688557948434,1.7499,1.6245,1.6811,1.8006497065415807,NaN,1.6811,0,0,NaN,NaN,0,0,0,0,NaN,NaN,NaN,NaN,NaN,NaN,1.6811,2.6013219999999997,NaN,NaN,NaN,NaN,NaN,NaN,NaN,NaN,NaN,NaN,1,0,0,0,0,NaN,NaN,NaN,NaN,NaN,NaN,1.6811,2.6013219999999997,NaN,NaN,NaN,NaN,NaN,NaN,NaN,NaN,NaN,NaN,1
2024-01-05,1.7083344278974217,1.7399,1.62,1.672475,1.7773452144431114,NaN,1.672475,0,0,NaN,NaN,0,0,0,0,NaN,NaN,NaN,NaN,NaN,NaN,1.672475,2.5455117499999997,NaN,NaN,NaN,NaN,NaN,NaN,NaN,NaN,NaN,NaN,1,0,0,0,0,NaN,NaN,NaN,NaN,NaN,NaN,1.672475,2.5455117499999997,NaN,NaN,NaN,NaN,NaN,NaN,NaN,NaN,NaN,NaN,1
2024-01-08,1.6904047139487108,1.74,1.6031,1.655775,1.7552415390898184,NaN,1.655775,0,0,NaN,NaN,0,0,0,0,NaN,NaN,NaN,NaN,NaN,NaN,1.655775,2.5107201475,NaN,NaN,NaN,NaN,NaN,NaN,NaN,NaN,NaN,NaN,1,0,0,0,0,NaN,NaN,NaN,NaN,NaN,NaN,1.655775,2.5107201475,NaN,NaN,NaN,NaN,NaN,NaN,NaN,NaN,NaN,NaN,1
2024-01-09,1.6730898569743555,1.74,1.6,1.6599749999999998,1.7379203501643967,NaN,1.6599749999999998,0,0,NaN,NaN,0,0,0,0,NaN,NaN,NaN,NaN,NaN,NaN,1.6599749999999998,2.5107201475,NaN,NaN,NaN,NaN,NaN,NaN,NaN,NaN,NaN,NaN,1,0,0,0,0,NaN,NaN,NaN,NaN,NaN,NaN,1.6599749999999998,2.5107201475,NaN,NaN,NaN,NaN,NaN,NaN,NaN,NaN,NaN,NaN,1
2024-01-10,1.6665324284871776,1.6699,1.61,1.627475,1.7178393774072336,NaN,1.6274749999999998,0,0,NaN,NaN,0,0,0,0,NaN,NaN,NaN,NaN,NaN,NaN,1.627475,2.4444244386499996,NaN,NaN,NaN,NaN,NaN,NaN,NaN,NaN,NaN,NaN,1,0,0,0,0,NaN,NaN,NaN,NaN,NaN,NaN,1.627475,2.4444244386499996,NaN,NaN,NaN,NaN,NaN,NaN,NaN,NaN,NaN,NaN,1
2024-01-11,1.647003714243589,1.65,1.56,1.6025,1.6968685815150093,NaN,1.6025,0,0,NaN,NaN,0,0,0,0,NaN,NaN,NaN,NaN,NaN,NaN,1.6025,2.3572876141715,NaN,NaN,NaN,NaN,NaN,NaN,NaN,NaN,NaN,NaN,1,0,0,0,0,NaN,NaN,NaN,NaN,NaN,NaN,1.6025,2.3572876141715,NaN,NaN,NaN,NaN,NaN,NaN,NaN,NaN,NaN,NaN,1
2024-01-12,1.6247518571217945,1.6247518571217945,1.5108,1.56395,1.6727015666940985,NaN,1.56395,0,0,NaN,NaN,0,0,0,0,NaN,NaN,NaN,NaN,NaN,NaN,1.56395,2.24512510047092,NaN,NaN,NaN,NaN,NaN,NaN,NaN,NaN,NaN,NaN,1,0,0,0,0,NaN,NaN,NaN,NaN,NaN,NaN,1.56395,2.24512510047092,NaN,NaN,NaN,NaN,NaN,NaN,NaN,NaN,NaN,NaN,1
2024-01-16,1.5943509285608972,1.73,1.57,1.645,1.6676649182042624,NaN,1.645,0,0,NaN,NaN,0,0,0,0,NaN,NaN,NaN,NaN,NaN,NaN,1.645,2.24512510047092,NaN,NaN,NaN,NaN,NaN,NaN,NaN,NaN,NaN,NaN,1,0,0,0,0,NaN,NaN,NaN,NaN,NaN,NaN,1.645,2.24512510047092,NaN,NaN,NaN,NaN,NaN,NaN,NaN,NaN,NaN,NaN,1
2024-01-17,1.6196754642804487,1.74,1.6,1.6724999999999999,1.6685440239853055,NaN,1.6725,0,0,NaN,NaN,0,0,0,0,NaN,NaN,NaN,NaN,NaN,NaN,1.6724999999999999,2.24512510047092,NaN,NaN,NaN,NaN,NaN,NaN,NaN,NaN,NaN,NaN,1,0,0,0,0,NaN,NaN,NaN,NaN,NaN,NaN,1.6724999999999999,2.24512510047092,NaN,NaN,NaN,NaN,NaN,NaN,NaN,NaN,NaN,NaN,1
2024-01-18,1.6460877321402243,1.7,1.5952,1.6450999999999998,1.6642814741697953,NaN,1.6451,0,0,NaN,NaN,0,0,0,0,NaN,NaN,NaN,NaN,NaN,NaN,1.6450999999999998,2.24512510047092,NaN,NaN,NaN,NaN,NaN,NaN,NaN,NaN,NaN,NaN,1,0,0,0,0,NaN,NaN,NaN,NaN,NaN,NaN,1.6450999999999998,2.24512510047092,NaN,NaN,NaN,NaN,NaN,NaN,NaN,NaN,NaN,NaN,1
2024-01-19,1.645593866070112,1.7,1.6,1.6475,1.6612302970480144,NaN,1.6475000000000002,0,0,NaN,NaN,0,0,0,0,NaN,NaN,NaN,NaN,NaN,NaN,1.6475,2.24512510047092,NaN,NaN,NaN,NaN,NaN,NaN,NaN,NaN,NaN,NaN,1,0,0,0,0,NaN,NaN,NaN,NaN,NaN,NaN,1.6475,2.24512510047092,NaN,NaN,NaN,NaN,NaN,NaN,NaN,NaN,NaN,NaN,1
2024-01-22,1.646546933035056,1.7,1.6,1.654725,1.6600475157665573,NaN,1.654725,0,0,NaN,NaN,0,0,0,0,NaN,NaN,NaN,NaN,NaN,NaN,1.654725,2.24512510047092,NaN,NaN,NaN,NaN,NaN,NaN,NaN,NaN,NaN,NaN,1,0,0,0,0,NaN,NaN,NaN,NaN,NaN,NaN,1.654725,2.24512510047092,NaN,NaN,NaN,NaN,NaN,NaN,NaN,NaN,NaN,NaN,1
2024-01-23,1.650635966517528,1.69,1.57,1.645,1.6573116038090014,NaN,1.645,0,0,NaN,NaN,0,0,0,0,NaN,NaN,NaN,NaN,NaN,NaN,1.645,2.24512510047092,NaN,NaN,NaN,NaN,NaN,NaN,NaN,NaN,NaN,NaN,1,0,0,0,0,NaN,NaN,NaN,NaN,NaN,NaN,1.645,2.24512510047092,NaN,NaN,NaN,NaN,NaN,NaN,NaN,NaN,NaN,NaN,1
2024-01-24,1.647817983258764,1.6788,1.59,1.648325,1.6556776758437284,NaN,1.648325,0,0,NaN,NaN,0,0,0,0,NaN,NaN,NaN,NaN,NaN,NaN,1.648325,2.24512510047092,NaN,NaN,NaN,NaN,NaN,NaN,NaN,NaN,NaN,NaN,1,0,0,0,0,NaN,NaN,NaN,NaN,NaN,NaN,1.648325,2.24512510047092,NaN,NaN,NaN,NaN,NaN,NaN,NaN,NaN,NaN,NaN,1
2024-01-25,1.648071491629382,1.7225,1.64,1.6631249999999997,1.6570317347812322,NaN,1.6631249999999997,0,0,NaN,NaN,0,0,0,0,NaN,NaN,NaN,NaN,NaN,NaN,1.6631249999999997,2.24512510047092,NaN,NaN,NaN,NaN,NaN,NaN,NaN,NaN,NaN,NaN,1,0,0,0,0,NaN,NaN,NaN,NaN,NaN,NaN,1.6631249999999997,2.24512510047092,NaN,NaN,NaN,NaN,NaN,NaN,NaN,NaN,NaN,NaN,1
2024-01-26,1.6555982458146907,1.71,1.59,1.6624999999999999,1.658025964821008,NaN,1.6624999999999996,0,0,NaN,NaN,0,0,0,0,NaN,NaN,NaN,NaN,NaN,NaN,1.6624999999999999,2.24512510047092,NaN,NaN,NaN,NaN,NaN,NaN,NaN,NaN,NaN,NaN,1,0,0,0,0,NaN,NaN,NaN,NaN,NaN,NaN,1.6624999999999999,2.24512510047092,NaN,NaN,NaN,NaN,NaN,NaN,NaN,NaN,NaN,NaN,1
2024-01-29,1.6590491229073452,1.68,1.5,1.605,1.6483848803080976,NaN,1.605,0,0,NaN,NaN,0,0,0,0,NaN,NaN,NaN,NaN,NaN,NaN,1.605,2.24512510047092,NaN,NaN,NaN,NaN,NaN,NaN,NaN,NaN,NaN,NaN,1,0,0,0,0,NaN,NaN,NaN,NaN,NaN,NaN,1.605,2.24512510047092,NaN,NaN,NaN,NaN,NaN,NaN,NaN,NaN,NaN,NaN,1
2024-01-30,1.6320245614536726,1.6320245614536726,1.53,1.5450000000000002,1.629587629342989,NaN,1.5450000000000002,0,0,NaN,NaN,0,0,0,0,NaN,NaN,NaN,NaN,NaN,NaN,1.5450000000000002,2.132052585400282,NaN,NaN,NaN,NaN,NaN,NaN,NaN,NaN,NaN,NaN,1,0,0,0,0,NaN,NaN,NaN,NaN,NaN,NaN,1.5450000000000002,2.132052585400282,NaN,NaN,NaN,NaN,NaN,NaN,NaN,NaN,NaN,NaN,1
2024-01-31,1.5885122807268364,1.5885122807268364,1.5,1.526025,1.6107580603715363,NaN,1.526025,0,0,NaN,NaN,0,0,1,0,NaN,NaN,NaN,NaN,NaN,NaN,1.526025,2.015187870028231,NaN,NaN,NaN,NaN,NaN,NaN,NaN,NaN,NaN,NaN,1,0,0,1,0,NaN,NaN,NaN,NaN,NaN,NaN,1.526025,2.015187870028231,NaN,NaN,NaN,NaN,NaN,NaN,NaN,NaN,NaN,NaN,1
2024-02-01,1.5572686403634182,1.56,1.45,1.521725,1.5945702312130752,NaN,1.521725,0,0,NaN,NaN,0,0,0,0,NaN,NaN,NaN,NaN,NaN,NaN,1.521725,1.9098621673223026,NaN,NaN,NaN,NaN,NaN,NaN,NaN,NaN,NaN,NaN,1,0,0,0,0,NaN,NaN,NaN,NaN,NaN,NaN,1.521725,1.9098621673223026,NaN,NaN,NaN,NaN,NaN,NaN,NaN,NaN,NaN,NaN,1
2024-02-02,1.539496820181709,1.539496820181709,1.4399,1.4699749999999998,1.5719165528106978,NaN,1.469975,0,0,NaN,NaN,0,0,0,0,NaN,NaN,NaN,NaN,NaN,NaN,1.4699749999999998,1.7846242471649498,NaN,NaN,NaN,NaN,NaN,NaN,NaN,NaN,NaN,NaN,1,0,0,0,0,NaN,NaN,NaN,NaN,NaN,NaN,1.4699749999999998,1.7846242471649498,NaN,NaN,NaN,NaN,NaN,NaN,NaN,NaN,NaN,NaN,1
2024-02-05,1.5047359100908544,1.5047359100908544,1.4,1.4282249999999999,1.5457908159360254,NaN,1.4282249999999999,0,0,NaN,NaN,0,0,0,0,NaN,NaN,NaN,NaN,NaN,NaN,1.4282249999999999,1.6731577004304135,NaN,NaN,NaN,NaN,NaN,NaN,NaN,NaN,NaN,NaN,1,0,0,0,0,NaN,NaN,NaN,NaN,NaN,NaN,1.4282249999999999,1.6731577004304135,NaN,NaN,NaN,NaN,NaN,NaN,NaN,NaN,NaN,NaN,1
2024-02-06,1.4664804550454271,1.5499,1.4,1.452475,1.5288243039476572,NaN,1.4524749999999997,0,0,NaN,NaN,0,0,0,0,NaN,NaN,NaN,NaN,NaN,NaN,1.452475,1.6731577004304135,NaN,NaN,NaN,NaN,NaN,NaN,NaN,NaN,NaN,NaN,1,0,0,0,0,NaN,NaN,NaN,NaN,NaN,NaN,1.452475,1.6731577004304135,NaN,NaN,NaN,NaN,NaN,NaN,NaN,NaN,NaN,NaN,1
2024-02-07,1.4594777275227135,1.522,1.4,1.4505,1.5145835214117196,NaN,1.4505,0,0,NaN,NaN,0,0,0,0,NaN,NaN,NaN,NaN,NaN,NaN,1.4505,1.6731577004304135,NaN,NaN,NaN,NaN,NaN,NaN,NaN,NaN,NaN,NaN,1,0,0,0,0,NaN,NaN,NaN,NaN,NaN,NaN,1.4505,1.6731577004304135,NaN,NaN,NaN,NaN,NaN,NaN,NaN,NaN,NaN,NaN,1
2024-02-08,1.4549888637613568,1.461,1.35,1.4040249999999999,1.4944819720641342,NaN,1.4040249999999999,0,0,NaN,NaN,0,0,0,0,NaN,NaN,NaN,NaN,NaN,NaN,1.4040249999999999,1.5839478903012894,NaN,NaN,NaN,NaN,NaN,NaN,NaN,NaN,NaN,NaN,1,0,0,0,0,NaN,NaN,NaN,NaN,NaN,NaN,1.4040249999999999,1.5839478903012894,NaN,NaN,NaN,NaN,NaN,NaN,NaN,NaN,NaN,NaN,1
2024-02-09,1.4295069318806783,1.4471,1.3601,1.4143,1.479903431688837,NaN,1.4143,0,0,NaN,NaN,0,0,0,0,NaN,NaN,NaN,NaN,NaN,NaN,1.4143,1.5839478903012894,NaN,NaN,NaN,NaN,NaN,NaN,NaN,NaN,NaN,NaN,1,0,0,0,0,NaN,NaN,NaN,NaN,NaN,NaN,1.4143,1.5839478903012894,NaN,NaN,NaN,NaN,NaN,NaN,NaN,NaN,NaN,NaN,1
2024-02-12,1.4219034659403391,1.45,1.31,1.366225,1.4592346259272304,NaN,1.366225,0,0,NaN,NaN,0,0,0,0,NaN,NaN,NaN,NaN,NaN,NaN,1.366225,1.499436336501864,NaN,NaN,NaN,NaN,NaN,NaN,NaN,NaN,NaN,NaN,1,0,0,0,0,NaN,NaN,NaN,NaN,NaN,NaN,1.366225,1.499436336501864,NaN,NaN,NaN,NaN,NaN,NaN,NaN,NaN,NaN,NaN,1
2024-02-13,1.3940642329701696,1.3940642329701696,1.2,1.28,1.4266465121222793,NaN,1.28,0,0,NaN,NaN,0,0,0,0,NaN,NaN,NaN,NaN,NaN,NaN,1.28,1.3928472553611928,NaN,NaN,NaN,NaN,NaN,NaN,NaN,NaN,NaN,NaN,1,0,0,0,0,NaN,NaN,NaN,NaN,NaN,NaN,1.28,1.3928472553611928,NaN,NaN,NaN,NaN,NaN,NaN,NaN,NaN,NaN,NaN,1
2024-02-14,1.337032116485085,1.337032116485085,1.21,1.2650000000000001,1.3972562371909558,NaN,1.2650000000000001,0,0,NaN,NaN,0,0,0,0,NaN,NaN,38.89950324034851,NaN,NaN,NaN,1.2650000000000001,1.3384118257703277,NaN,NaN,NaN,NaN,NaN,NaN,NaN,NaN,NaN,NaN,1,0,0,0,0,NaN,NaN,38.89950324034851,NaN,NaN,NaN,1.2650000000000001,1.3384118257703277,NaN,NaN,NaN,NaN,NaN,NaN,NaN,NaN,NaN,NaN,1
2024-02-15,1.3010160582425425,1.3699,1.3010160582425425,1.3412250000000001,1.3870687395198729,NaN,1.3412250000000001,0,0,NaN,NaN,0,0,0,0,NaN,NaN,37.78487584969274,NaN,NaN,NaN,1.3412250000000001,1.3384118257703277,NaN,NaN,NaN,NaN,NaN,NaN,NaN,NaN,NaN,NaN,1,0,0,0,0,NaN,NaN,37.78487584969274,NaN,NaN,NaN,1.3412250000000001,1.3384118257703277,NaN,NaN,NaN,NaN,NaN,NaN,NaN,NaN,NaN,NaN,1
2024-02-16,1.3211205291212713,1.3699,1.25,1.317475,1.3744153323344415,NaN,1.317475,0,0,NaN,NaN,0,0,0,0,NaN,NaN,39.313039443276196,NaN,NaN,NaN,1.317475,1.3384118257703277,NaN,NaN,NaN,NaN,NaN,NaN,NaN,NaN,NaN,NaN,1,0,0,0,0,NaN,NaN,39.313039443276196,NaN,NaN,NaN,1.317475,1.3384118257703277,NaN,NaN,NaN,NaN,NaN,NaN,NaN,NaN,NaN,NaN,1
2024-02-20,1.3192977645606356,1.3299,1.28,1.302825,1.361398908273634,NaN,1.302825,0,0,NaN,NaN,0,0,0,0,NaN,NaN,42.27348451073974,NaN,NaN,NaN,1.302825,1.3384118257703277,NaN,NaN,NaN,NaN,NaN,NaN,NaN,NaN,NaN,NaN,1,0,0,0,0,NaN,NaN,42.27348451073974,NaN,NaN,NaN,1.302825,1.3384118257703277,NaN,NaN,NaN,NaN,NaN,NaN,NaN,NaN,NaN,NaN,1
2024-02-21,1.3110613822803177,1.45,1.24,1.3275,1.3552354704057006,NaN,1.3275,0,0,NaN,NaN,0,0,0,0,NaN,NaN,45.46848401607436,NaN,NaN,NaN,1.3275,1.3384118257703277,NaN,NaN,NaN,NaN,NaN,NaN,NaN,NaN,NaN,NaN,1,0,0,0,0,NaN,NaN,45.46848401607436,NaN,NaN,NaN,1.3275,1.3384118257703277,NaN,NaN,NaN,NaN,NaN,NaN,NaN,NaN,NaN,NaN,1
2024-02-22,1.319280691140159,1.5,1.319280691140159,1.432625,1.3693062939683005,NaN,1.432625,0,0,NaN,NaN,0,0,0,0,NaN,NaN,49.252624938676895,NaN,NaN,NaN,1.432625,1.3840137500000003,NaN,NaN,NaN,NaN,NaN,NaN,NaN,NaN,NaN,NaN,1,0,0,0,0,NaN,NaN,49.252624938676895,NaN,NaN,NaN,1.432625,1.3840137500000003,NaN,NaN,NaN,NaN,NaN,NaN,NaN,NaN,NaN,NaN,1
2024-02-23,1.3759528455700796,1.53,1.3759528455700796,1.4574999999999998,1.3853415132467912,NaN,1.4574999999999998,0,0,NaN,NaN,0,0,0,0,NaN,NaN,54.80654732939717,NaN,NaN,NaN,1.4574999999999998,1.3982827125,NaN,NaN,NaN,NaN,NaN,NaN,NaN,NaN,NaN,NaN,1,0,0,0,0,NaN,NaN,54.80654732939717,NaN,NaN,NaN,1.4574999999999998,1.3982827125,NaN,NaN,NaN,NaN,NaN,NaN,NaN,NaN,NaN,NaN,1
2024-02-26,1.4167264227850396,1.615,1.4167264227850396,1.49875,1.405961238111011,NaN,1.49875,0,0,NaN,NaN,0,0,0,0,NaN,NaN,56.012942994311,NaN,NaN,NaN,1.49875,1.4236982497500001,NaN,NaN,NaN,NaN,NaN,NaN,NaN,NaN,NaN,NaN,1,0,0,0,0,NaN,NaN,56.012942994311,NaN,NaN,NaN,1.49875,1.4236982497500001,NaN,NaN,NaN,NaN,NaN,NaN,NaN,NaN,NaN,NaN,1
2024-02-27,1.45773821139252,1.525,1.43,1.48875,1.4210137402726453,NaN,1.48875,0,0,NaN,NaN,0,0,0,0,NaN,NaN,57.442092374847796,NaN,NaN,NaN,1.48875,1.4236982497500001,NaN,NaN,NaN,NaN,NaN,NaN,NaN,NaN,NaN,NaN,1,0,0,0,0,NaN,NaN,57.442092374847796,NaN,NaN,NaN,1.48875,1.4236982497500001,NaN,NaN,NaN,NaN,NaN,NaN,NaN,NaN,NaN,NaN,1
2024-02-28,1.47324410569626,1.66,1.47324410569626,1.5750000000000002,1.4490112420412553,NaN,1.5750000000000002,0,0,NaN,NaN,0,0,0,0,NaN,NaN,58.613630273410045,NaN,NaN,NaN,1.5750000000000002,1.4720091572725003,NaN,NaN,NaN,NaN,NaN,NaN,NaN,NaN,NaN,NaN,1,0,0,0,0,NaN,NaN,58.613630273410045,NaN,NaN,NaN,1.5750000000000002,1.4720091572725003,NaN,NaN,NaN,NaN,NaN,NaN,NaN,NaN,NaN,NaN,1
2024-02-29,1.52412205284813,1.63,1.4701,1.557525,1.4687410162155725,NaN,1.557525,0,0,NaN,NaN,0,0,0,0,NaN,NaN,58.986407085331635,NaN,NaN,NaN,1.557525,1.4720091572725003,NaN,NaN,NaN,NaN,NaN,NaN,NaN,NaN,NaN,NaN,1,0,0,0,0,NaN,NaN,58.986407085331635,NaN,NaN,NaN,1.557525,1.4720091572725003,NaN,NaN,NaN,NaN,NaN,NaN,NaN,NaN,NaN,NaN,1
2024-03-01,1.540823526424065,1.6,1.4,1.5006249999999999,1.4745381041763774,NaN,1.5006249999999999,0,0,NaN,NaN,0,0,0,0,NaN,NaN,56.93702980366414,NaN,NaN,NaN,1.5006249999999999,1.4720091572725003,NaN,NaN,NaN,NaN,NaN,NaN,NaN,NaN,NaN,NaN,1,0,0,0,0,NaN,NaN,56.93702980366414,NaN,NaN,NaN,1.5006249999999999,1.4720091572725003,NaN,NaN,NaN,NaN,NaN,NaN,NaN,NaN,NaN,NaN,1
2024-03-04,1.5207242632120326,1.6,1.48,1.5150000000000001,1.4818948125079452,NaN,1.5150000000000001,0,0,NaN,NaN,0,0,0,0,NaN,NaN,54.786932306550575,NaN,NaN,NaN,1.5150000000000001,1.4720091572725003,NaN,NaN,NaN,NaN,NaN,NaN,NaN,NaN,NaN,NaN,1,0,0,0,0,NaN,NaN,54.786932306550575,NaN,NaN,NaN,1.5150000000000001,1.4720091572725003,NaN,NaN,NaN,NaN,NaN,NaN,NaN,NaN,NaN,NaN,1
2024-03-05,1.5178621316060164,1.54,1.42,1.4825,1.4820048465974096,NaN,1.4825,0,0,NaN,NaN,0,0,0,0,NaN,NaN,52.74706502303661,NaN,NaN,NaN,1.4825,1.4720091572725003,NaN,NaN,NaN,NaN,NaN,NaN,NaN,NaN,NaN,NaN,1,0,0,0,0,NaN,NaN,52.74706502303661,NaN,NaN,NaN,1.4825,1.4720091572725003,NaN,NaN,NaN,NaN,NaN,NaN,NaN,NaN,NaN,NaN,1
2024-03-06,1.5001810658030081,1.5001810658030081,1.4301,1.46935,1.4797039653978805,NaN,1.46935,0,0,NaN,NaN,0,0,0,0,NaN,NaN,50.70366793873664,NaN,NaN,NaN,1.46935,1.4720091572725003,NaN,NaN,NaN,NaN,NaN,NaN,NaN,NaN,NaN,NaN,1,0,0,0,0,NaN,NaN,50.70366793873664,NaN,NaN,NaN,1.46935,1.4720091572725003,NaN,NaN,NaN,NaN,NaN,NaN,NaN,NaN,NaN,NaN,1
2024-03-07,1.4847655329015041,1.4847655329015041,1.34,1.39405,1.4641305171437204,NaN,1.39405,0,0,NaN,NaN,0,0,0,0,NaN,NaN,48.85015676295929,NaN,NaN,NaN,1.39405,1.4720091572725003,NaN,NaN,NaN,NaN,NaN,NaN,NaN,NaN,NaN,NaN,1,0,0,0,0,NaN,NaN,48.85015676295929,NaN,NaN,NaN,1.39405,1.4720091572725003,NaN,NaN,NaN,NaN,NaN,NaN,NaN,NaN,NaN,NaN,1
2024-03-08,1.439407766450752,1.45,1.37,1.3925,1.451106786753953,NaN,1.3925,0,0,NaN,NaN,0,0,0,0,NaN,NaN,46.93578526972986,NaN,NaN,NaN,1.3925,1.4720091572725003,NaN,NaN,NaN,NaN,NaN,NaN,NaN,NaN,NaN,NaN,1,0,0,0,0,NaN,NaN,46.93578526972986,NaN,NaN,NaN,1.3925,1.4720091572725003,NaN,NaN,NaN,NaN,NaN,NaN,NaN,NaN,NaN,NaN,1
2024-03-11,1.415953883225376,1.4398,1.38,1.4087,1.443396461889598,NaN,1.4087,0,0,NaN,NaN,0,0,0,0,NaN,NaN,44.91277768671297,NaN,NaN,NaN,1.4087,1.4720091572725003,NaN,NaN,NaN,NaN,NaN,NaN,NaN,NaN,NaN,NaN,1,0,0,0,0,NaN,NaN,44.91277768671297,NaN,NaN,NaN,1.4087,1.4720091572725003,NaN,NaN,NaN,NaN,NaN,NaN,NaN,NaN,NaN,NaN,1
2024-03-12,1.412326941612688,1.412326941612688,1.324,1.366025,1.4293289233642166,NaN,1.366025,0,0,NaN,NaN,0,0,0,0,NaN,NaN,43.77578812350267,NaN,NaN,NaN,1.366025,1.457974,NaN,NaN,NaN,NaN,NaN,NaN,NaN,NaN,NaN,NaN,1,0,0,0,0,NaN,NaN,43.77578812350267,NaN,NaN,NaN,1.366025,1.457974,NaN,NaN,NaN,NaN,NaN,NaN,NaN,NaN,NaN,NaN,1
2024-03-13,1.389175970806344,1.44,1.37,1.4175,1.4271782100252681,NaN,1.4175000000000002,0,0,NaN,NaN,0,0,0,0,NaN,NaN,44.779672598558065,NaN,NaN,NaN,1.4175,1.457974,NaN,NaN,NaN,NaN,NaN,NaN,NaN,NaN,NaN,NaN,1,0,0,0,0,NaN,NaN,44.779672598558065,NaN,NaN,NaN,1.4175,1.457974,NaN,NaN,NaN,NaN,NaN,NaN,NaN,NaN,NaN,NaN,1
2024-03-14,1.403337985403172,1.42,1.32,1.3826,1.419073080929765,NaN,1.3826,0,0,NaN,NaN,0,0,0,0,NaN,NaN,47.335141629867884,NaN,NaN,NaN,1.3826,1.457974,NaN,NaN,NaN,NaN,NaN,NaN,NaN,NaN,NaN,NaN,1,0,0,0,0,NaN,NaN,47.335141629867884,NaN,NaN,NaN,1.3826,1.457974,NaN,NaN,NaN,NaN,NaN,NaN,NaN,NaN,NaN,NaN,1
2024-03-15,1.392968992701586,1.3951,1.36,1.381275,1.4122007025788985,NaN,1.381275,0,0,NaN,NaN,0,0,0,0,NaN,NaN,50.85472011851523,NaN,NaN,NaN,1.381275,1.457974,NaN,NaN,NaN,NaN,NaN,NaN,NaN,NaN,NaN,NaN,1,0,0,0,0,NaN,NaN,50.85472011851523,NaN,NaN,NaN,1.381275,1.457974,NaN,NaN,NaN,NaN,NaN,NaN,NaN,NaN,NaN,NaN,1
2024-03-18,1.387121996350793,1.39,1.35,1.3749999999999998,1.4054369384736443,NaN,1.3749999999999998,0,0,NaN,NaN,0,0,0,0,NaN,NaN,51.42470966529079,NaN,NaN,NaN,1.3749999999999998,1.457974,NaN,NaN,NaN,NaN,NaN,NaN,NaN,NaN,NaN,NaN,1,0,0,0,0,NaN,NaN,51.42470966529079,NaN,NaN,NaN,1.3749999999999998,1.457974,NaN,NaN,NaN,NaN,NaN,NaN,NaN,NaN,NaN,NaN,1
2024-03-19,1.3810609981753963,1.3810609981753963,1.33,1.3547,1.3962120405693452,NaN,1.3547,0,0,NaN,NaN,0,0,0,0,NaN,NaN,50.429349935459456,NaN,NaN,NaN,1.3547,1.449383155,NaN,NaN,NaN,NaN,NaN,NaN,NaN,NaN,NaN,NaN,1,0,0,0,0,NaN,NaN,50.429349935459456,NaN,NaN,NaN,1.3547,1.449383155,NaN,NaN,NaN,NaN,NaN,NaN,NaN,NaN,NaN,NaN,1
2024-03-20,1.3678804990876983,1.69,1.25,1.4874999999999998,1.4128098513749188,NaN,1.4874999999999998,0,0,NaN,NaN,0,0,0,0,NaN,NaN,47.94536239447665,NaN,NaN,NaN,1.4874999999999998,1.449383155,NaN,NaN,NaN,NaN,NaN,NaN,NaN,NaN,NaN,NaN,1,0,0,0,0,NaN,NaN,47.94536239447665,NaN,NaN,NaN,1.4874999999999998,1.449383155,NaN,NaN,NaN,NaN,NaN,NaN,NaN,NaN,NaN,NaN,1
2024-03-21,1.427690249543849,1.74,1.36,1.5775,1.442753514761297,NaN,1.5775,0,0,NaN,NaN,0,0,0,0,NaN,NaN,44.7818674060983,NaN,NaN,NaN,1.5775,1.4727839999999999,NaN,NaN,NaN,NaN,NaN,NaN,NaN,NaN,NaN,NaN,1,0,0,0,0,NaN,NaN,44.7818674060983,NaN,NaN,NaN,1.5775,1.4727839999999999,NaN,NaN,NaN,NaN,NaN,NaN,NaN,NaN,NaN,NaN,1
2024-03-22,1.5025951247719245,1.54,1.38,1.47,1.447707421168334,NaN,1.4699999999999998,0,0,NaN,NaN,0,0,0,0,NaN,NaN,48.58024791427029,NaN,NaN,NaN,1.47,1.4727839999999999,NaN,NaN,NaN,NaN,NaN,NaN,NaN,NaN,NaN,NaN,1,0,0,0,0,NaN,NaN,48.58024791427029,NaN,NaN,NaN,1.47,1.4727839999999999,NaN,NaN,NaN,NaN,NaN,NaN,NaN,NaN,NaN,NaN,1
2024-03-25,1.4862975623859622,1.4862975623859622,1.29,1.343675,1.4287924355013641,NaN,1.343675,0,0,NaN,NaN,0,0,0,0,NaN,NaN,60.24383189872117,NaN,NaN,NaN,1.343675,1.457080125,NaN,NaN,NaN,NaN,NaN,NaN,NaN,NaN,NaN,NaN,1,0,0,0,0,NaN,NaN,60.24383189872117,NaN,NaN,NaN,1.343675,1.457080125,NaN,NaN,NaN,NaN,NaN,NaN,NaN,NaN,NaN,NaN,1
2024-03-26,1.4149862811929812,1.4149862811929812,1.2646,1.30115,1.4055847199556615,NaN,1.30115,0,0,NaN,NaN,0,0,0,0,NaN,NaN,65.96803443398204,NaN,NaN,NaN,1.30115,1.43177759625,NaN,NaN,NaN,NaN,NaN,NaN,NaN,NaN,NaN,NaN,1,0,0,0,0,NaN,NaN,65.96803443398204,NaN,NaN,NaN,1.30115,1.43177759625,NaN,NaN,NaN,NaN,NaN,NaN,NaN,NaN,NaN,NaN,1
2024-03-27,1.3580681405964907,1.4832,1.31,1.3783,1.400623861781905,NaN,1.3783,0,0,NaN,NaN,0,0,0,0,NaN,NaN,67.29472498329048,NaN,NaN,NaN,1.3783,1.43177759625,NaN,NaN,NaN,NaN,NaN,NaN,NaN,NaN,NaN,NaN,1,0,0,0,0,NaN,NaN,67.29472498329048,NaN,NaN,NaN,1.3783,1.43177759625,NaN,NaN,NaN,NaN,NaN,NaN,NaN,NaN,NaN,NaN,1
2024-03-28,1.3681840702982453,1.47,1.3681840702982453,1.43125,1.4061922505488313,NaN,1.43125,0,0,NaN,NaN,0,0,0,0,NaN,NaN,66.93822746163666,NaN,NaN,NaN,1.43125,1.43177759625,NaN,NaN,NaN,NaN,NaN,NaN,NaN,NaN,NaN,NaN,1,0,0,0,0,NaN,NaN,66.93822746163666,NaN,NaN,NaN,1.43125,1.43177759625,NaN,NaN,NaN,NaN,NaN,NaN,NaN,NaN,NaN,NaN,1
2024-04-01,1.3997170351491226,1.45,1.38,1.42,1.408702750449044,NaN,1.42,0,0,NaN,NaN,0,0,0,0,NaN,NaN,65.87599840493255,NaN,NaN,NaN,1.42,1.43177759625,NaN,NaN,NaN,NaN,NaN,NaN,NaN,NaN,NaN,NaN,1,0,0,0,0,NaN,NaN,65.87599840493255,NaN,NaN,NaN,1.42,1.43177759625,NaN,NaN,NaN,NaN,NaN,NaN,NaN,NaN,NaN,NaN,1
2024-04-02,1.4098585175745613,1.4098585175745613,1.33,1.37,1.4016658867310359,NaN,1.37,0,0,NaN,NaN,0,0,0,0,NaN,NaN,65.16004829480367,NaN,NaN,NaN,1.37,1.43177759625,NaN,NaN,NaN,NaN,NaN,NaN,NaN,NaN,NaN,NaN,1,0,0,0,0,NaN,NaN,65.16004829480367,NaN,NaN,NaN,1.37,1.43177759625,NaN,NaN,NaN,NaN,NaN,NaN,NaN,NaN,NaN,NaN,1
2024-04-03,1.3899292587872807,1.3899292587872807,1.33,1.34,1.390453907325393,NaN,1.34,0,0,NaN,NaN,0,0,0,0,NaN,NaN,64.74310253011913,NaN,NaN,NaN,1.34,1.43177759625,NaN,NaN,NaN,NaN,NaN,NaN,NaN,NaN,NaN,NaN,1,0,0,0,0,NaN,NaN,64.74310253011913,NaN,NaN,NaN,1.34,1.43177759625,NaN,NaN,NaN,NaN,NaN,NaN,NaN,NaN,NaN,NaN,1
2024-04-04,1.3649646293936404,1.42,1.35,1.3775,1.388098651448049,NaN,1.3775,0,0,NaN,NaN,0,0,0,0,NaN,NaN,63.99395744157421,NaN,NaN,NaN,1.3775,1.43177759625,NaN,NaN,NaN,NaN,NaN,NaN,NaN,NaN,NaN,NaN,1,0,0,0,0,NaN,NaN,63.99395744157421,NaN,NaN,NaN,1.3775,1.43177759625,NaN,NaN,NaN,NaN,NaN,NaN,NaN,NaN,NaN,NaN,1
2024-04-05,1.3712323146968202,1.46,1.36,1.4125,1.3925352602756764,NaN,1.4125,0,0,NaN,NaN,0,0,0,0,NaN,NaN,63.107449591722045,NaN,NaN,NaN,1.4125,1.43177759625,NaN,NaN,NaN,NaN,NaN,NaN,NaN,NaN,NaN,NaN,1,0,0,0,0,NaN,NaN,63.107449591722045,NaN,NaN,NaN,1.4125,1.43177759625,NaN,NaN,NaN,NaN,NaN,NaN,NaN,NaN,NaN,NaN,1
2024-04-08,1.3918661573484101,1.43,1.36,1.385,1.3911652129528262,NaN,1.385,0,0,NaN,NaN,0,0,0,0,NaN,NaN,61.542458591106,NaN,NaN,NaN,1.385,1.43177759625,NaN,NaN,NaN,NaN,NaN,NaN,NaN,NaN,NaN,NaN,1,0,0,0,0,NaN,NaN,61.542458591106,NaN,NaN,NaN,1.385,1.43177759625,NaN,NaN,NaN,NaN,NaN,NaN,NaN,NaN,NaN,NaN,1
2024-04-09,1.388433078674205,1.69,1.388433078674205,1.565,1.4227715378704942,NaN,1.565,0,0,NaN,NaN,0,0,0,0,NaN,NaN,55.91862205149586,NaN,NaN,NaN,1.565,1.4409904999999998,NaN,NaN,NaN,NaN,NaN,NaN,NaN,NaN,NaN,NaN,1,0,0,0,0,NaN,NaN,55.91862205149586,NaN,NaN,NaN,1.565,1.4409904999999998,NaN,NaN,NaN,NaN,NaN,NaN,NaN,NaN,NaN,NaN,1
2024-04-10,1.4767165393371025,1.64,1.4767165393371025,1.565,1.448631258257677,NaN,1.565,0,0,NaN,NaN,0,0,0,0,NaN,NaN,50.094346659244984,NaN,NaN,NaN,1.565,1.4409904999999998,NaN,NaN,NaN,NaN,NaN,NaN,NaN,NaN,NaN,NaN,1,0,0,0,0,NaN,NaN,50.094346659244984,NaN,NaN,NaN,1.565,1.4409904999999998,NaN,NaN,NaN,NaN,NaN,NaN,NaN,NaN,NaN,NaN,1
2024-04-11,1.520858269668551,1.63,1.5201,1.577525,1.4720664840290085,NaN,1.577525,0,0,NaN,NaN,0,0,0,0,NaN,NaN,43.78741053483301,NaN,NaN,NaN,1.577525,1.4511611599999998,NaN,NaN,NaN,NaN,NaN,NaN,NaN,NaN,NaN,NaN,1,0,0,0,0,NaN,NaN,43.78741053483301,NaN,NaN,NaN,1.577525,1.4511611599999998,NaN,NaN,NaN,NaN,NaN,NaN,NaN,NaN,NaN,NaN,1
2024-04-12,1.5491916348342756,1.66,1.49,1.5687499999999999,1.4896453051146432,NaN,1.5687499999999999,0,0,NaN,NaN,0,0,0,0,NaN,NaN,37.81142522578014,NaN,NaN,NaN,1.5687499999999999,1.4511611599999998,NaN,NaN,NaN,NaN,NaN,NaN,NaN,NaN,NaN,NaN,1,0,0,0,0,NaN,NaN,37.81142522578014,NaN,NaN,NaN,1.5687499999999999,1.4511611599999998,NaN,NaN,NaN,NaN,NaN,NaN,NaN,NaN,NaN,NaN,1
2024-04-15,1.5589708174171377,1.5975,1.43,1.51375,1.4940279769119809,NaN,1.51375,0,0,NaN,NaN,0,0,0,0,NaN,NaN,33.281072570238905,NaN,NaN,NaN,1.51375,1.4511611599999998,NaN,NaN,NaN,NaN,NaN,NaN,NaN,NaN,NaN,NaN,1,0,0,0,0,NaN,NaN,33.281072570238905,NaN,NaN,NaN,1.51375,1.4511611599999998,NaN,NaN,NaN,NaN,NaN,NaN,NaN,NaN,NaN,NaN,1
2024-04-16,1.536360408708569,1.536360408708569,1.38,1.435,1.4832956174734389,NaN,1.435,0,0,NaN,NaN,0,0,0,0,NaN,NaN,30.75434312547125,NaN,NaN,NaN,1.435,1.4511611599999998,NaN,NaN,NaN,NaN,NaN,NaN,NaN,NaN,NaN,NaN,1,0,0,0,0,NaN,NaN,30.75434312547125,NaN,NaN,NaN,1.435,1.4511611599999998,NaN,NaN,NaN,NaN,NaN,NaN,NaN,NaN,NaN,NaN,1
2024-04-17,1.4856802043542845,1.65,1.44,1.4924999999999997,1.4849691415691773,NaN,1.4924999999999997,0,0,NaN,NaN,0,0,0,0,NaN,NaN,27.146125448700342,NaN,NaN,NaN,1.4924999999999997,1.4511611599999998,NaN,NaN,NaN,NaN,NaN,NaN,NaN,NaN,NaN,NaN,1,0,0,0,0,NaN,NaN,27.146125448700342,NaN,NaN,NaN,1.4924999999999997,1.4511611599999998,NaN,NaN,NaN,NaN,NaN,NaN,NaN,NaN,NaN,NaN,1
2024-04-18,1.489090102177142,1.7,1.33,1.5525,1.4972474794656905,NaN,1.5525,0,0,NaN,NaN,0,0,0,0,NaN,NaN,22.45360373886806,NaN,NaN,NaN,1.5525,1.4511611599999998,NaN,NaN,NaN,NaN,NaN,NaN,NaN,NaN,NaN,NaN,1,0,0,0,0,NaN,NaN,22.45360373886806,NaN,NaN,NaN,1.5525,1.4511611599999998,NaN,NaN,NaN,NaN,NaN,NaN,NaN,NaN,NaN,NaN,1
2024-04-19,1.520795051088571,2.14,1.23,1.6325000000000003,1.521838846835565,NaN,1.6325000000000003,0,0,NaN,NaN,0,0,0,0,NaN,NaN,16.361477111786545,NaN,NaN,NaN,1.6325000000000003,1.4878797404,NaN,NaN,NaN,NaN,NaN,NaN,NaN,NaN,NaN,NaN,1,0,0,0,0,NaN,NaN,16.361477111786545,NaN,NaN,NaN,1.6325000000000003,1.4878797404,NaN,NaN,NaN,NaN,NaN,NaN,NaN,NaN,NaN,NaN,1
2024-04-22,1.5766475255442858,1.5766475255442858,1.24,1.3075,1.4828681474109169,NaN,1.3075,0,0,NaN,NaN,0,0,0,0,NaN,NaN,16.30195950875711,NaN,NaN,NaN,1.3075,1.455375,NaN,NaN,NaN,NaN,NaN,NaN,NaN,NaN,NaN,NaN,1,0,0,0,0,NaN,NaN,16.30195950875711,NaN,NaN,NaN,1.3075,1.455375,NaN,NaN,NaN,NaN,NaN,NaN,NaN,NaN,NaN,NaN,1
2024-04-23,1.442073762772143,1.442073762772143,1.28,1.33,1.45507393879075,NaN,1.33,0,0,NaN,NaN,0,0,0,0,NaN,NaN,15.831286651933688,NaN,NaN,NaN,1.33,1.455375,NaN,NaN,NaN,NaN,NaN,NaN,NaN,NaN,NaN,NaN,1,0,0,0,0,NaN,NaN,15.831286651933688,NaN,NaN,NaN,1.33,1.455375,NaN,NaN,NaN,NaN,NaN,NaN,NaN,NaN,NaN,NaN,1
2024-04-24,1.3860368813860715,1.48,1.32,1.38375,1.4421059499197046,NaN,1.38375,0,0,NaN,NaN,0,0,0,0,NaN,NaN,14.929389340440272,NaN,NaN,NaN,1.38375,1.455375,NaN,NaN,NaN,NaN,NaN,NaN,NaN,NaN,NaN,NaN,1,0,0,0,0,NaN,NaN,14.929389340440272,NaN,NaN,NaN,1.38375,1.455375,NaN,NaN,NaN,NaN,NaN,NaN,NaN,NaN,NaN,NaN,1
2024-04-25,1.3848934406930358,1.3848934406930358,1.28,1.3275000000000001,1.4212685044797584,NaN,1.3275000000000001,0,0,NaN,NaN,0,0,0,0,NaN,NaN,14.96930081312691,NaN,NaN,NaN,1.3275000000000001,1.455375,NaN,NaN,NaN,NaN,NaN,NaN,NaN,NaN,NaN,NaN,1,0,0,0,0,NaN,NaN,14.96930081312691,NaN,NaN,NaN,1.3275000000000001,1.455375,NaN,NaN,NaN,NaN,NaN,NaN,NaN,NaN,NaN,NaN,1
2024-04-26,1.356196720346518,1.356196720346518,1.32,1.33,1.404674230937984,NaN,1.33,0,0,NaN,NaN,0,0,0,0,NaN,NaN,15.38493852471471,NaN,NaN,NaN,1.33,1.455375,NaN,NaN,NaN,NaN,NaN,NaN,NaN,NaN,NaN,NaN,1,0,0,0,0,NaN,NaN,15.38493852471471,NaN,NaN,NaN,1.33,1.455375,NaN,NaN,NaN,NaN,NaN,NaN,NaN,NaN,NaN,NaN,1
2024-04-29,1.3430983601732591,1.41,1.33,1.367625,1.3979380071310779,NaN,1.367625,0,0,NaN,NaN,0,0,0,0,NaN,NaN,14.254643221466981,NaN,NaN,NaN,1.367625,1.455375,NaN,NaN,NaN,NaN,NaN,NaN,NaN,NaN,NaN,NaN,1,0,0,0,0,NaN,NaN,14.254643221466981,NaN,NaN,NaN,1.367625,1.455375,NaN,NaN,NaN,NaN,NaN,NaN,NaN,NaN,NaN,NaN,1
2024-04-30,1.3553616800866295,1.4,1.3,1.3588,1.3908220058345182,NaN,1.3588,0,0,NaN,NaN,0,0,0,0,NaN,NaN,12.892307316042405,NaN,NaN,NaN,1.3588,1.455375,NaN,NaN,NaN,NaN,NaN,NaN,NaN,NaN,NaN,NaN,1,0,0,0,0,NaN,NaN,12.892307316042405,NaN,NaN,NaN,1.3588,1.455375,NaN,NaN,NaN,NaN,NaN,NaN,NaN,NaN,NaN,NaN,1
2024-05-01,1.3570808400433148,1.3570808400433148,1.315,1.33335,1.3803725502282422,NaN,1.33335,0,0,NaN,NaN,0,0,0,0,NaN,NaN,12.039000784236114,NaN,NaN,NaN,1.33335,1.455375,NaN,NaN,NaN,NaN,NaN,NaN,NaN,NaN,NaN,NaN,1,0,0,0,0,NaN,NaN,12.039000784236114,NaN,NaN,NaN,1.33335,1.455375,NaN,NaN,NaN,NaN,NaN,NaN,NaN,NaN,NaN,NaN,1
2024-05-02,1.3452154200216575,1.41,1.33,1.3525,1.3753048138231072,NaN,1.3525,0,0,NaN,NaN,0,0,0,0,NaN,NaN,10.842150023898931,NaN,NaN,NaN,1.3525,1.455375,NaN,NaN,NaN,NaN,NaN,NaN,NaN,NaN,NaN,NaN,1,0,0,0,0,NaN,NaN,10.842150023898931,NaN,NaN,NaN,1.3525,1.455375,NaN,NaN,NaN,NaN,NaN,NaN,NaN,NaN,NaN,NaN,1
2024-05-03,1.3488577100108288,1.3488577100108288,1.27,1.3050000000000002,1.362522120400724,NaN,1.3050000000000002,0,0,NaN,NaN,0,0,0,0,NaN,NaN,10.068428935375996,NaN,NaN,NaN,1.3050000000000002,1.44965125,NaN,NaN,NaN,NaN,NaN,NaN,NaN,NaN,NaN,NaN,1,0,0,0,0,NaN,NaN,10.068428935375996,NaN,NaN,NaN,1.3050000000000002,1.44965125,NaN,NaN,NaN,NaN,NaN,NaN,NaN,NaN,NaN,NaN,1
2024-05-06,1.3269288550054146,1.3269288550054146,1.23,1.275,1.3466090076005923,NaN,1.275,0,0,NaN,NaN,0,0,0,0,NaN,NaN,9.61802159999514,NaN,NaN,NaN,1.275,1.425072175,NaN,NaN,NaN,NaN,NaN,NaN,NaN,NaN,NaN,NaN,1,0,0,0,0,NaN,NaN,9.61802159999514,NaN,NaN,NaN,1.275,1.425072175,NaN,NaN,NaN,NaN,NaN,NaN,NaN,NaN,NaN,NaN,1
2024-05-07,1.3009644275027072,1.33,1.26,1.28,1.3344982789459392,NaN,1.28,0,0,NaN,NaN,0,0,0,0,NaN,NaN,8.985625250369607,NaN,NaN,NaN,1.28,1.425072175,NaN,NaN,NaN,NaN,NaN,NaN,NaN,NaN,NaN,NaN,1,0,0,0,0,NaN,NaN,8.985625250369607,NaN,NaN,NaN,1.28,1.425072175,NaN,NaN,NaN,NaN,NaN,NaN,NaN,NaN,NaN,NaN,1
2024-05-08,1.2904822137513536,1.3,1.24,1.268975,1.322584955501223,1.6893196153846153,1.268975,0,0,NaN,NaN,0,0,0,0,NaN,NaN,8.243610906050781,NaN,NaN,NaN,1.268975,1.40828205425,NaN,NaN,NaN,NaN,NaN,NaN,NaN,NaN,NaN,NaN,1,0,0,0,0,NaN,NaN,8.243610906050781,NaN,NaN,NaN,1.268975,1.40828205425,NaN,NaN,NaN,NaN,NaN,NaN,NaN,NaN,NaN,NaN,1
2024-05-09,1.2797286068756768,1.2797286068756768,1.22,1.23375,1.3064331454100915,1.6823643540810334,1.23375,0,0,NaN,130,0,0,0,0,NaN,NaN,7.760194873308317,NaN,NaN,NaN,1.23375,1.37183920774,NaN,NaN,NaN,NaN,NaN,NaN,NaN,NaN,NaN,NaN,1,0,0,0,0,NaN,NaN,7.760194873308317,NaN,NaN,NaN,1.23375,1.37183920774,NaN,NaN,NaN,NaN,NaN,NaN,NaN,NaN,NaN,NaN,1
2024-05-10,1.2567393034378385,1.36,1.25,1.2875,1.3029907553355293,1.6763358906599488,1.2875,0,0,NaN,131,0,0,0,0,NaN,NaN,7.144136270388366,NaN,NaN,NaN,1.2875,1.37183920774,NaN,NaN,NaN,NaN,NaN,NaN,NaN,NaN,NaN,NaN,1,0,0,0,0,NaN,NaN,7.144136270388366,NaN,NaN,NaN,1.2875,1.37183920774,NaN,NaN,NaN,NaN,NaN,NaN,NaN,NaN,NaN,NaN,1
2024-05-13,1.2721196517189193,1.2901,1.21,1.2625250000000001,1.2956333452745241,1.6700181671384229,1.2625250000000001,0,0,NaN,132,0,0,0,0,NaN,NaN,7.3166773029016055,NaN,NaN,NaN,1.2625250000000001,1.37183920774,NaN,NaN,NaN,NaN,NaN,NaN,NaN,NaN,NaN,NaN,1,0,0,0,0,NaN,NaN,7.3166773029016055,NaN,NaN,NaN,1.2625250000000001,1.37183920774,NaN,NaN,NaN,NaN,NaN,NaN,NaN,NaN,NaN,NaN,1
2024-05-14,1.2673223258594597,1.3,1.25,1.2654999999999998,1.2901545552246105,1.663842317258447,1.2654999999999998,0,0,NaN,133,0,0,0,0,NaN,NaN,7.586773301179764,NaN,NaN,NaN,1.2654999999999998,1.37183920774,NaN,NaN,NaN,NaN,NaN,NaN,NaN,NaN,NaN,NaN,1,0,0,0,0,NaN,NaN,7.586773301179764,NaN,NaN,NaN,1.2654999999999998,1.37183920774,NaN,NaN,NaN,NaN,NaN,NaN,NaN,NaN,NaN,NaN,1
2024-05-15,1.2664111629297299,1.34,1.2664111629297299,1.31,1.293762817911045,1.6584401444758752,1.31,0,0,NaN,134,0,0,0,0,NaN,NaN,7.335297190513323,NaN,NaN,NaN,1.31,1.37183920774,NaN,NaN,NaN,NaN,NaN,NaN,NaN,NaN,NaN,NaN,1,0,0,0,0,NaN,NaN,7.335297190513323,NaN,NaN,NaN,1.31,1.37183920774,NaN,NaN,NaN,NaN,NaN,NaN,NaN,NaN,NaN,NaN,1
2024-05-16,1.288205581464865,1.31,1.28,1.2975,1.2944423055635823,1.6529296079189917,1.2975,0,0,NaN,135,0,0,0,0,NaN,NaN,7.777571357348123,NaN,NaN,NaN,1.2975,1.37183920774,NaN,NaN,NaN,NaN,NaN,NaN,NaN,NaN,NaN,NaN,1,0,0,0,0,NaN,NaN,7.777571357348123,NaN,NaN,NaN,1.2975,1.37183920774,NaN,NaN,NaN,NaN,NaN,NaN,NaN,NaN,NaN,NaN,1
2024-05-17,1.2928527907324325,1.3,1.28,1.285125,1.2927482500065675,1.6473142703935109,1.2851250000000003,0,0,NaN,136,0,0,0,0,NaN,NaN,8.883376166754035,NaN,NaN,NaN,1.285125,1.37183920774,NaN,NaN,NaN,NaN,NaN,NaN,NaN,NaN,NaN,NaN,1,0,0,0,0,NaN,NaN,8.883376166754035,NaN,NaN,NaN,1.285125,1.37183920774,NaN,NaN,NaN,NaN,NaN,NaN,NaN,NaN,NaN,NaN,1
2024-05-20,1.2889888953662163,1.29,1.26,1.275,1.289521295459919,1.6416300830592587,1.275,0,0,NaN,137,0,0,0,0,NaN,NaN,9.755027707374019,NaN,NaN,NaN,1.275,1.37183920774,NaN,NaN,NaN,NaN,NaN,NaN,NaN,NaN,NaN,NaN,1,0,0,0,0,NaN,NaN,9.755027707374019,NaN,NaN,NaN,1.275,1.37183920774,NaN,NaN,NaN,NaN,NaN,NaN,NaN,NaN,NaN,NaN,1
2024-05-21,1.281994447683108,1.35,1.2,1.2868500000000003,1.2890356053762972,1.63621359324156,1.2868500000000003,0,0,NaN,138,0,0,0,0,NaN,NaN,10.4692329151779,NaN,NaN,NaN,1.2868500000000003,1.37183920774,NaN,NaN,NaN,NaN,NaN,NaN,NaN,NaN,NaN,NaN,1,0,0,0,0,NaN,NaN,10.4692329151779,NaN,NaN,NaN,1.2868500000000003,1.37183920774,NaN,NaN,NaN,NaN,NaN,NaN,NaN,NaN,NaN,NaN,1
2024-05-22,1.2844222238415541,2.1,1.2844222238415541,1.545075,1.3355882225806068,1.6348221643371088,1.545075,0,0,NaN,139,0,0,0,0,NaN,NaN,7.825366985470629,NaN,NaN,NaN,1.545075,1.412761875,NaN,NaN,NaN,NaN,NaN,NaN,NaN,NaN,NaN,NaN,1,0,0,0,0,NaN,NaN,7.825366985470629,NaN,NaN,NaN,1.545075,1.412761875,NaN,NaN,NaN,NaN,NaN,NaN,NaN,NaN,NaN,NaN,1
2024-05-23,1.414748611920777,1.414748611920777,1.22,1.28285,1.3259994548386784,1.6294485435075345,1.28285,0,0,NaN,140,0,0,0,0,NaN,NaN,8.994682347020191,NaN,NaN,NaN,1.28285,1.412761875,NaN,NaN,NaN,NaN,NaN,NaN,NaN,NaN,NaN,NaN,1,0,0,0,0,NaN,NaN,8.994682347020191,NaN,NaN,NaN,1.28285,1.412761875,NaN,NaN,NaN,NaN,NaN,NaN,NaN,NaN,NaN,NaN,1
2024-05-24,1.3487993059603887,1.3487993059603887,1.21,1.236775,1.3097768266861913,1.6234535275761217,1.236775,0,0,NaN,141,0,0,0,0,NaN,NaN,11.476072067162987,NaN,NaN,NaN,1.236775,1.3863005,NaN,NaN,NaN,NaN,NaN,NaN,NaN,NaN,NaN,NaN,1,0,0,0,0,NaN,NaN,11.476072067162987,NaN,NaN,NaN,1.236775,1.3863005,NaN,NaN,NaN,NaN,NaN,NaN,NaN,NaN,NaN,NaN,1
2024-05-28,1.2927871529801944,1.2927871529801944,1.16,1.2249999999999999,1.2943628581977928,1.6173702676131274,1.2249999999999999,0,0,NaN,142,0,0,0,0,NaN,NaN,16.081493234998835,NaN,NaN,NaN,1.2249999999999999,1.3757506099999999,NaN,NaN,NaN,NaN,NaN,NaN,NaN,NaN,NaN,NaN,1,0,0,0,0,NaN,NaN,16.081493234998835,NaN,NaN,NaN,1.2249999999999999,1.3757506099999999,NaN,NaN,NaN,NaN,NaN,NaN,NaN,NaN,NaN,NaN,1
2024-05-29,1.258893576490097,1.29,1.199,1.242225,1.2848832476163758,1.6116428589472782,1.242225,0,0,NaN,143,0,0,0,0,NaN,NaN,21.53278298559622,NaN,NaN,NaN,1.242225,1.3757506099999999,NaN,NaN,NaN,NaN,NaN,NaN,NaN,NaN,NaN,NaN,1,0,0,0,0,NaN,NaN,21.53278298559622,NaN,NaN,NaN,1.242225,1.3757506099999999,NaN,NaN,NaN,NaN,NaN,NaN,NaN,NaN,NaN,NaN,1
2024-05-30,1.2505592882450485,1.48,1.2,1.2935750000000001,1.2864635662315802,1.606786861100755,1.2935750000000001,0,0,NaN,144,0,0,0,0,NaN,NaN,24.633047020648313,NaN,NaN,NaN,1.2935750000000001,1.3757506099999999,NaN,NaN,NaN,NaN,NaN,NaN,NaN,NaN,NaN,NaN,1,0,0,0,0,NaN,NaN,24.633047020648313,NaN,NaN,NaN,1.2935750000000001,1.3757506099999999,NaN,NaN,NaN,NaN,NaN,NaN,NaN,NaN,NaN,NaN,1
2024-05-31,1.2720671441225244,1.2720671441225244,1.11,1.1840000000000002,1.2678338269167475,1.6003320998625754,1.1840000000000002,0,0,NaN,145,0,0,0,0,NaN,NaN,30.041583236061463,NaN,NaN,NaN,1.1840000000000002,1.3449755734,NaN,NaN,NaN,NaN,NaN,NaN,NaN,NaN,NaN,NaN,1,0,0,0,0,NaN,NaN,30.041583236061463,NaN,NaN,NaN,1.1840000000000002,1.3449755734,NaN,NaN,NaN,NaN,NaN,NaN,NaN,NaN,NaN,NaN,1
2024-06-03,1.2280335720612623,1.2280335720612623,1.1,1.1675,1.2495913129318843,1.5937239762005513,1.1675,0,0,NaN,146,0,0,0,0,NaN,NaN,36.29147543759617,NaN,NaN,NaN,1.1675,1.3214952717939998,NaN,NaN,NaN,NaN,NaN,NaN,NaN,NaN,NaN,NaN,1,0,0,0,0,NaN,NaN,36.29147543759617,NaN,NaN,NaN,1.1675,1.3214952717939998,NaN,NaN,NaN,NaN,NaN,NaN,NaN,NaN,NaN,NaN,1
2024-06-04,1.1977667860306311,1.1977667860306311,1.0502,1.0888,1.2203565287624507,1.586015213205123,1.0888,0,0,NaN,147,0,0,0,0,NaN,NaN,42.176046614918185,NaN,NaN,NaN,1.0888,1.25894383917872,NaN,NaN,NaN,NaN,NaN,NaN,NaN,NaN,NaN,NaN,1,0,0,0,0,NaN,NaN,42.176046614918185,NaN,NaN,NaN,1.0888,1.25894383917872,NaN,NaN,NaN,NaN,NaN,NaN,NaN,NaN,NaN,NaN,1
2024-06-05,1.1432833930153157,1.18,1.06,1.1275,1.2034735235329141,1.5790149809424494,1.1275,0,0,NaN,148,0,0,0,0,NaN,NaN,44.952871394049275,NaN,NaN,NaN,1.1275,1.25894383917872,NaN,NaN,NaN,NaN,NaN,NaN,NaN,NaN,NaN,NaN,1,0,0,0,0,NaN,NaN,44.952871394049275,NaN,NaN,NaN,1.1275,1.25894383917872,NaN,NaN,NaN,NaN,NaN,NaN,NaN,NaN,NaN,NaN,1
2024-06-06,1.1353916965076578,1.14,1.08,1.1099999999999999,1.1864783374360206,1.5718544468822593,1.1099999999999999,0,0,NaN,149,0,0,0,0,NaN,NaN,47.14932350597572,NaN,NaN,NaN,1.1099999999999999,1.25894383917872,NaN,NaN,NaN,NaN,NaN,NaN,NaN,NaN,NaN,NaN,1,0,0,0,0,NaN,NaN,47.14932350597572,NaN,NaN,NaN,1.1099999999999999,1.25894383917872,NaN,NaN,NaN,NaN,NaN,NaN,NaN,NaN,NaN,NaN,1
2024-06-07,1.1226958482538287,1.1399,1.06,1.087475,1.1684777306294714,1.564459340822988,1.087475,0,0,NaN,150,0,0,0,0,NaN,NaN,48.566829465194296,NaN,NaN,NaN,1.087475,1.232660388301912,NaN,NaN,NaN,NaN,NaN,NaN,NaN,NaN,NaN,NaN,1,0,0,0,0,NaN,NaN,48.566829465194296,NaN,NaN,NaN,1.087475,1.232660388301912,NaN,NaN,NaN,NaN,NaN,NaN,NaN,NaN,NaN,NaN,1
2024-06-10,1.1050854241269144,1.1050854241269144,1.03,1.06725,1.1500726886968402,1.556868358520347,1.06725,0,0,NaN,151,0,0,0,0,NaN,NaN,50.09963603046824,NaN,NaN,NaN,1.06725,1.1945942684075679,NaN,NaN,NaN,NaN,NaN,NaN,NaN,NaN,NaN,NaN,1,0,0,0,0,NaN,NaN,50.09963603046824,NaN,NaN,NaN,1.06725,1.1945942684075679,NaN,NaN,NaN,NaN,NaN,NaN,NaN,NaN,NaN,NaN,1
2024-06-11,1.0861677120634572,1.0861677120634572,1.01,1.032475,1.1286912907519602,1.548862353046754,1.032475,0,0,NaN,152,0,0,0,0,NaN,NaN,50.533291729417606,NaN,NaN,NaN,1.032475,1.1468130970419788,NaN,NaN,NaN,NaN,NaN,NaN,NaN,NaN,NaN,NaN,1,0,0,0,0,NaN,NaN,50.533291729417606,NaN,NaN,NaN,1.032475,1.1468130970419788,NaN,NaN,NaN,NaN,NaN,NaN,NaN,NaN,NaN,NaN,1
2024-06-12,1.0593213560317287,1.09,1.0301,1.067525,1.1175701469788766,1.5415136911681777,1.067525,0,0,NaN,153,0,0,0,0,NaN,NaN,51.03063747756181,NaN,NaN,NaN,1.067525,1.1468130970419788,NaN,NaN,NaN,NaN,NaN,NaN,NaN,NaN,NaN,NaN,1,0,0,0,0,NaN,NaN,51.03063747756181,NaN,NaN,NaN,1.067525,1.1468130970419788,NaN,NaN,NaN,NaN,NaN,NaN,NaN,NaN,NaN,NaN,1
2024-06-13,1.0634231780158645,1.1,1.0401,1.070025,1.108925574800899,1.5343153905396558,1.070025,0,0,NaN,154,0,0,0,0,NaN,NaN,52.08461878305929,NaN,NaN,NaN,1.070025,1.1468130970419788,NaN,NaN,NaN,NaN,NaN,NaN,NaN,NaN,NaN,NaN,1,0,0,0,0,NaN,NaN,52.08461878305929,NaN,NaN,NaN,1.070025,1.1468130970419788,NaN,NaN,NaN,NaN,NaN,NaN,NaN,NaN,NaN,NaN,1
2024-06-14,1.0667240890079324,1.0667240890079324,1.01,1.035,1.0954845612007356,1.526692254806226,1.035,0,0,NaN,155,0,0,0,0,NaN,NaN,52.97714871036187,NaN,NaN,NaN,1.035,1.1468130970419788,NaN,NaN,NaN,NaN,NaN,NaN,NaN,NaN,NaN,NaN,1,0,0,0,0,NaN,NaN,52.97714871036187,NaN,NaN,NaN,1.035,1.1468130970419788,NaN,NaN,NaN,NaN,NaN,NaN,NaN,NaN,NaN,NaN,1
2024-06-17,1.0508620445039663,1.0508620445039663,0.9155,0.98726275,1.0758078682551473,1.5184566898473524,0.98726275,0,0,NaN,156,0,0,0,0,NaN,NaN,54.258999910350056,NaN,NaN,NaN,0.98726275,1.0913403587519037,NaN,NaN,NaN,NaN,NaN,NaN,NaN,NaN,NaN,NaN,1,0,0,0,0,NaN,NaN,54.258999910350056,NaN,NaN,NaN,0.98726275,1.0913403587519037,NaN,NaN,NaN,NaN,NaN,NaN,NaN,NaN,NaN,NaN,1
2024-06-18,1.0190623972519832,1.0190623972519832,0.9064,0.9492995,1.0528063467542115,1.5097672671015914,0.9492995,0,0,NaN,157,0,0,0,0,NaN,NaN,55.6419129207436,NaN,NaN,NaN,0.9492995,1.0391327406388897,NaN,NaN,NaN,NaN,NaN,NaN,NaN,NaN,NaN,NaN,1,0,0,0,0,NaN,NaN,55.6419129207436,NaN,NaN,NaN,0.9492995,1.0391327406388897,NaN,NaN,NaN,NaN,NaN,NaN,NaN,NaN,NaN,NaN,1
2024-06-20,0.9841809486259916,1,0.92,0.961875,1.036273374617082,1.5014024996649258,0.961875,0,0,NaN,158,0,0,0,0,NaN,NaN,58.221127752633315,NaN,NaN,NaN,0.961875,1.0391327406388897,NaN,NaN,NaN,NaN,NaN,NaN,NaN,NaN,NaN,NaN,1,0,0,0,0,NaN,NaN,58.221127752633315,NaN,NaN,NaN,0.961875,1.0391327406388897,NaN,NaN,NaN,NaN,NaN,NaN,NaN,NaN,NaN,NaN,1
2024-06-21,0.9730279743129958,0.98,0.9,0.9470000000000001,1.0200418519594308,1.492938339364698,0.9470000000000001,0,0,NaN,159,0,0,0,0,NaN,NaN,60.73432696104555,NaN,NaN,NaN,0.9470000000000001,1.0106880934472229,NaN,NaN,NaN,NaN,NaN,NaN,NaN,NaN,NaN,NaN,1,0,0,0,0,NaN,NaN,60.73432696104555,NaN,NaN,NaN,0.9470000000000001,1.0106880934472229,NaN,NaN,NaN,NaN,NaN,NaN,NaN,NaN,NaN,NaN,1
2024-06-24,0.9600139871564979,0.9600139871564979,0.89,0.9175,1.001397878875898,1.4841530212064584,0.9175,0,0,NaN,160,0,0,0,0,NaN,NaN,62.86048489966346,NaN,NaN,NaN,0.9175,0.9700535226096393,NaN,NaN,NaN,NaN,NaN,NaN,NaN,NaN,NaN,NaN,1,0,0,0,0,NaN,NaN,62.86048489966346,NaN,NaN,NaN,0.9175,0.9700535226096393,NaN,NaN,NaN,NaN,NaN,NaN,NaN,NaN,NaN,NaN,1
2024-06-25,0.9387569935782489,0.9399,0.75,0.869975,0.977502809989371,1.4747762575239172,0.869975,0,0,NaN,161,0,0,0,0,NaN,NaN,65.55763258882062,NaN,NaN,NaN,0.869975,0.9188172544701692,NaN,NaN,NaN,NaN,NaN,NaN,NaN,NaN,NaN,NaN,1,0,0,0,0,NaN,NaN,65.55763258882062,NaN,NaN,NaN,0.869975,0.9188172544701692,NaN,NaN,NaN,NaN,NaN,NaN,NaN,NaN,NaN,NaN,1
2024-06-26,0.9043659967891244,0.93,0.81,0.86375,0.9568204809003945,1.4654476123708802,0.8637499999999999,0,0,NaN,162,0,0,0,0,NaN,NaN,67.35034876861626,NaN,NaN,NaN,0.86375,0.8954424002268032,NaN,NaN,NaN,NaN,NaN,NaN,NaN,NaN,NaN,NaN,1,0,0,0,0,NaN,NaN,67.35034876861626,NaN,NaN,NaN,0.86375,0.8954424002268032,NaN,NaN,NaN,NaN,NaN,NaN,NaN,NaN,NaN,NaN,1
2024-06-27,0.8840579983945622,0.895,0.8186,0.8719,0.9413803934639592,1.4563858167621644,0.8719,0,0,NaN,163,0,0,0,0,NaN,NaN,69.65485683453284,NaN,NaN,NaN,0.8719,0.8954424002268032,NaN,NaN,NaN,NaN,NaN,NaN,NaN,NaN,NaN,NaN,1,0,0,0,0,NaN,NaN,69.65485683453284,NaN,NaN,NaN,0.8719,0.8954424002268032,NaN,NaN,NaN,NaN,NaN,NaN,NaN,NaN,NaN,NaN,1
2024-06-28,0.8779789991972811,0.8872,0.8,0.8468,0.9241839582886939,1.447079163071139,0.8468,0,0,NaN,164,0,0,0,0,NaN,NaN,71.87288613217365,NaN,NaN,NaN,0.8468,0.8700970921315458,NaN,NaN,NaN,NaN,NaN,NaN,NaN,NaN,NaN,NaN,1,0,0,0,0,NaN,NaN,71.87288613217365,NaN,NaN,NaN,0.8468,0.8700970921315458,NaN,NaN,NaN,NaN,NaN,NaN,NaN,NaN,NaN,NaN,1
2024-07-01,0.8623894995986405,0.8623894995986405,0.8068,0.83235,0.9074868749634769,1.4376939850089843,0.83235,0,0,NaN,165,0,0,0,0,NaN,NaN,74.1016438640364,NaN,NaN,NaN,0.83235,0.8491371506723502,NaN,NaN,NaN,NaN,NaN,NaN,NaN,NaN,NaN,NaN,1,0,0,0,0,NaN,NaN,74.1016438640364,NaN,NaN,NaN,0.83235,0.8491371506723502,NaN,NaN,NaN,NaN,NaN,NaN,NaN,NaN,NaN,NaN,1
2024-07-02,0.8473697497993202,0.85,0.803,0.814775,0.890630170424663,1.4281837714973966,0.814775,0,0,NaN,166,0,0,0,0,NaN,NaN,76.55015251242946,NaN,NaN,NaN,0.814775,0.8280738183496221,NaN,NaN,NaN,NaN,NaN,NaN,NaN,NaN,NaN,NaN,1,0,0,0,0,NaN,NaN,76.55015251242946,NaN,NaN,NaN,0.814775,0.8280738183496221,NaN,NaN,NaN,NaN,NaN,NaN,NaN,NaN,NaN,NaN,1
2024-07-03,0.8310723748996601,0.8310723748996601,0.76,0.7955875,0.8733496848929061,1.418525813153925,0.7955875,0,0,NaN,167,0,0,0,0,NaN,NaN,77.29049630524572,NaN,NaN,NaN,0.7955875,0.8068048584913148,NaN,NaN,NaN,NaN,NaN,NaN,NaN,NaN,NaN,NaN,1,0,0,0,0,NaN,NaN,77.29049630524572,NaN,NaN,NaN,0.7955875,0.8068048584913148,NaN,NaN,NaN,NaN,NaN,NaN,NaN,NaN,NaN,NaN,1
2024-07-05,0.8133299374498301,0.8295,0.71,0.77725,0.8558770149123777,1.408735342724094,0.77725,0,0,NaN,168,0,0,0,0,NaN,NaN,77.41898647280425,NaN,NaN,NaN,0.77725,0.7866276099060048,NaN,NaN,NaN,NaN,NaN,NaN,NaN,NaN,NaN,NaN,1,0,0,0,0,NaN,NaN,77.41898647280425,NaN,NaN,NaN,0.77725,0.7866276099060048,NaN,NaN,NaN,NaN,NaN,NaN,NaN,NaN,NaN,NaN,1
2024-07-08,0.7952899687249151,0.7952899687249151,0.67,0.7175,0.8307175576555818,1.3981821313847949,0.7175,0,0,NaN,169,0,0,0,0,NaN,NaN,78.08927128448985,NaN,NaN,NaN,0.7175,0.7343786222595821,NaN,NaN,NaN,NaN,NaN,NaN,NaN,NaN,NaN,NaN,1,0,0,0,0,NaN,NaN,78.08927128448985,NaN,NaN,NaN,0.7175,0.7343786222595821,NaN,NaN,NaN,NaN,NaN,NaN,NaN,NaN,NaN,NaN,1
2024-07-09,0.7563949843624576,0.7563949843624576,0.6135,0.6796500000000001,0.8032507289909305,1.387212175180447,0.6796500000000001,0,0,NaN,170,0,0,0,0,NaN,NaN,80.06340181843122,NaN,NaN,NaN,0.6796500000000001,0.6939714489038329,NaN,NaN,NaN,NaN,NaN,NaN,NaN,NaN,NaN,NaN,1,0,0,0,0,NaN,NaN,80.06340181843122,NaN,NaN,NaN,0.6796500000000001,0.6939714489038329,NaN,NaN,NaN,NaN,NaN,NaN,NaN,NaN,NaN,NaN,1
2024-07-10,0.7180224921812288,0.7180224921812288,0.62735,0.6610874999999999,0.7774028691743977,1.3761263022769286,0.6610874999999999,0,0,NaN,171,0,0,0,0,NaN,NaN,82.56793153132864,NaN,NaN,NaN,0.6610874999999999,0.6698204985944181,NaN,NaN,NaN,NaN,NaN,NaN,NaN,NaN,NaN,NaN,1,0,0,0,0,NaN,NaN,82.56793153132864,NaN,NaN,NaN,0.6610874999999999,0.6698204985944181,NaN,NaN,NaN,NaN,NaN,NaN,NaN,NaN,NaN,NaN,1
2024-07-11,0.6895549960906144,0.7,0.61,0.645625,0.7534432565972345,1.3649736106391128,0.645625,0,0,NaN,172,0,0,0,0,NaN,NaN,84.00763630709444,NaN,NaN,NaN,0.645625,0.6512228445221022,NaN,NaN,NaN,NaN,NaN,NaN,NaN,NaN,NaN,NaN,1,0,0,0,0,NaN,NaN,84.00763630709444,NaN,NaN,NaN,0.645625,0.6512228445221022,NaN,NaN,NaN,NaN,NaN,NaN,NaN,NaN,NaN,NaN,1
2024-07-12,0.6675899980453073,0.7,0.6579,0.67715,0.7395717553977373,1.3544724868125615,0.67715,0,0,NaN,173,0,0,0,0,NaN,NaN,85.00169116580442,NaN,NaN,NaN,0.67715,0.672263625,NaN,NaN,NaN,NaN,NaN,NaN,NaN,NaN,NaN,NaN,1,0,0,0,0,NaN,NaN,85.00169116580442,NaN,NaN,NaN,0.67715,0.672263625,NaN,NaN,NaN,NaN,NaN,NaN,NaN,NaN,NaN,NaN,1
2024-07-15,0.6723699990226537,0.7056,0.6613,0.6870375,0.7300200725981487,1.3442826396856522,0.6870375,0,0,NaN,174,0,0,0,0,NaN,NaN,86.06951945144601,NaN,NaN,NaN,0.6870375,0.67750227875,NaN,NaN,NaN,NaN,NaN,NaN,NaN,NaN,NaN,NaN,1,0,0,0,0,NaN,NaN,86.06951945144601,NaN,NaN,NaN,0.6870375,0.67750227875,NaN,NaN,NaN,NaN,NaN,NaN,NaN,NaN,NaN,NaN,1
2024-07-16,0.6797037495113268,0.836699,0.6797037495113268,0.75417475,0.734411832125758,1.3352733589270926,0.7541747500000001,0,0,NaN,175,0,0,0,0,NaN,NaN,87.47942994496493,NaN,NaN,NaN,0.75417475,0.713657134525,NaN,NaN,NaN,NaN,NaN,NaN,NaN,NaN,NaN,NaN,1,0,0,0,0,NaN,NaN,87.47942994496493,NaN,NaN,NaN,0.75417475,0.713657134525,NaN,NaN,NaN,NaN,NaN,NaN,NaN,NaN,NaN,NaN,1
2024-07-17,0.7169392497556635,1.15,0.706,0.919,0.767973317193802,1.3289180404701906,0.919,0,0,NaN,176,0,0,0,0,NaN,NaN,88.21619116045693,NaN,NaN,NaN,0.919,0.80713348116775,NaN,NaN,NaN,NaN,NaN,NaN,NaN,NaN,NaN,NaN,1,0,0,0,0,NaN,NaN,88.21619116045693,NaN,NaN,NaN,0.919,0.80713348116775,NaN,NaN,NaN,NaN,NaN,NaN,NaN,NaN,NaN,NaN,1
2024-07-18,0.8179696248778318,0.98,0.75,0.851375,0.7831372595222017,1.3216273070278977,0.851375,0,0,NaN,177,0,0,0,0,NaN,NaN,88.94552437077768,NaN,NaN,NaN,0.851375,0.80713348116775,NaN,NaN,NaN,NaN,NaN,NaN,NaN,NaN,NaN,NaN,1,0,0,0,0,NaN,NaN,88.94552437077768,NaN,NaN,NaN,0.851375,0.80713348116775,NaN,NaN,NaN,NaN,NaN,NaN,NaN,NaN,NaN,NaN,1
2024-07-19,0.8346723124389159,0.864,0.75,0.8085,0.7877486668818013,1.3137933023404489,0.8085,0,0,NaN,178,0,0,0,0,NaN,NaN,89.4968310395541,NaN,NaN,NaN,0.8085,0.80713348116775,NaN,NaN,NaN,NaN,NaN,NaN,NaN,NaN,NaN,NaN,1,0,0,0,0,NaN,NaN,89.4968310395541,NaN,NaN,NaN,0.8085,0.80713348116775,NaN,NaN,NaN,NaN,NaN,NaN,NaN,NaN,NaN,NaN,1
2024-07-22,0.821586156219458,0.97,0.821586156219458,0.93499975,0.8145215910851102,1.3080101946711291,0.93499975,0,0,NaN,179,0,0,0,0,NaN,NaN,89.2322695868992,NaN,NaN,NaN,0.93499975,0.82951732342762,NaN,NaN,NaN,NaN,NaN,NaN,NaN,NaN,NaN,NaN,1,0,0,0,0,NaN,NaN,89.2322695868992,NaN,NaN,NaN,0.93499975,0.82951732342762,NaN,NaN,NaN,NaN,NaN,NaN,NaN,NaN,NaN,NaN,1
2024-07-23,0.878292953109729,1.1,0.8,0.93,0.835517665433272,1.3022390466608829,0.9300000000000002,0,0,NaN,180,0,0,0,0,NaN,NaN,87.93372221309241,NaN,NaN,NaN,0.93,0.82951732342762,NaN,NaN,NaN,NaN,NaN,NaN,NaN,NaN,NaN,NaN,1,0,0,0,0,NaN,NaN,87.93372221309241,NaN,NaN,NaN,0.93,0.82951732342762,NaN,NaN,NaN,NaN,NaN,NaN,NaN,NaN,NaN,NaN,1
2024-07-24,0.9041464765548646,1.04,0.87,0.9516497500000001,0.8566325898999498,1.2968865383149153,0.9516497500000001,0,0,NaN,181,0,0,0,0,NaN,NaN,86.31300004849652,NaN,NaN,NaN,0.9516497500000001,0.854913437413477,NaN,NaN,NaN,NaN,NaN,NaN,NaN,NaN,NaN,NaN,1,0,0,0,0,NaN,NaN,86.31300004849652,NaN,NaN,NaN,0.9516497500000001,0.854913437413477,NaN,NaN,NaN,NaN,NaN,NaN,NaN,NaN,NaN,NaN,1
2024-07-25,0.9278981132774323,1.15,0.883,0.9755750000000001,0.8782584826454135,1.2919810186459852,0.9755750000000001,0,0,NaN,182,0,0,0,0,NaN,NaN,84.30374965092791,NaN,NaN,NaN,0.9755750000000001,0.8864418711790512,NaN,NaN,NaN,NaN,NaN,NaN,NaN,NaN,NaN,NaN,1,0,0,0,0,NaN,NaN,84.30374965092791,NaN,NaN,NaN,0.9755750000000001,0.8864418711790512,NaN,NaN,NaN,NaN,NaN,NaN,NaN,NaN,NaN,NaN,1
2024-07-26,0.9517365566387161,1.31,0.9517365566387161,1.092375,0.9171887585280656,1.2889335985139854,1.092375,0,0,NaN,183,0,0,0,0,NaN,NaN,80.50595989275202,NaN,NaN,NaN,1.092375,0.9758238282314504,NaN,NaN,NaN,NaN,NaN,NaN,NaN,NaN,NaN,NaN,1,0,0,0,0,NaN,NaN,80.50595989275202,NaN,NaN,NaN,1.092375,0.9758238282314504,NaN,NaN,NaN,NaN,NaN,NaN,NaN,NaN,NaN,NaN,1
2024-07-29,1.0220557783193582,1.22,1.0220557783193582,1.145,0.9586089842502354,1.2867361389946879,1.145,0,0,NaN,184,0,0,0,0,NaN,NaN,75.75843061717467,NaN,NaN,NaN,1.145,1.0364236094559023,NaN,NaN,NaN,NaN,NaN,NaN,NaN,NaN,NaN,NaN,1,0,0,0,0,NaN,NaN,75.75843061717467,NaN,NaN,NaN,1.145,1.0364236094559023,NaN,NaN,NaN,NaN,NaN,NaN,NaN,NaN,NaN,NaN,1
2024-07-30,1.0835278891596791,1.19,0.9801,1.072525,0.979320987113829,1.2834657399260667,1.072525,0,0,NaN,185,0,0,0,0,NaN,NaN,72.49962795194213,NaN,NaN,NaN,1.072525,1.0364236094559023,NaN,NaN,NaN,NaN,NaN,NaN,NaN,NaN,NaN,NaN,1,0,0,0,0,NaN,NaN,72.49962795194213,NaN,NaN,NaN,1.072525,1.0364236094559023,NaN,NaN,NaN,NaN,NaN,NaN,NaN,NaN,NaN,NaN,1
2024-07-31,1.0780264445798395,1.15,0.971,1.032175,0.9889308076385873,1.2796292400798672,1.032175,0,0,NaN,186,0,0,0,0,NaN,NaN,69.51160001213633,NaN,NaN,NaN,1.032175,1.0364236094559023,NaN,NaN,NaN,NaN,NaN,NaN,NaN,NaN,NaN,NaN,1,0,0,0,0,NaN,NaN,69.51160001213633,NaN,NaN,NaN,1.032175,1.0364236094559023,NaN,NaN,NaN,NaN,NaN,NaN,NaN,NaN,NaN,NaN,1
2024-08-01,1.0551007222899198,1.09,0.98,1.032475,0.9968479335224806,1.2758558929030754,1.032475,0,0,NaN,187,0,0,0,0,NaN,NaN,66.28267981109344,NaN,NaN,NaN,1.032475,1.0364236094559023,NaN,NaN,NaN,NaN,NaN,NaN,NaN,NaN,NaN,NaN,1,0,0,0,0,NaN,NaN,66.28267981109344,NaN,NaN,NaN,1.032475,1.0364236094559023,NaN,NaN,NaN,NaN,NaN,NaN,NaN,NaN,NaN,NaN,1
2024-08-02,1.0437878611449598,1.0437878611449598,0.901,0.95775,0.989739218336575,1.2709993143854712,0.9577499999999999,0,0,NaN,188,0,0,0,0,NaN,NaN,64.08363991203058,NaN,NaN,NaN,0.95775,1.0364236094559023,NaN,NaN,NaN,NaN,NaN,NaN,NaN,NaN,NaN,NaN,1,0,0,0,0,NaN,NaN,64.08363991203058,NaN,NaN,NaN,0.95775,1.0364236094559023,NaN,NaN,NaN,NaN,NaN,NaN,NaN,NaN,NaN,NaN,1
2024-08-05,1.0007689305724798,1.0007689305724798,0.75,0.8564499999999999,0.9655048150026523,1.2646703172192808,0.85645,0,0,NaN,189,0,0,0,0,NaN,NaN,63.935135321111446,NaN,NaN,NaN,0.8564499999999999,0.96177075,NaN,NaN,NaN,NaN,NaN,NaN,NaN,NaN,NaN,NaN,1,0,0,0,0,NaN,NaN,63.935135321111446,NaN,NaN,NaN,0.8564499999999999,0.96177075,NaN,NaN,NaN,NaN,NaN,NaN,NaN,NaN,NaN,NaN,1
2024-08-06,0.9286094652862399,0.9286094652862399,0.8435,0.88269975,0.9504493486385337,1.2588387055060093,0.8826997499999999,0,0,NaN,190,0,0,0,0,NaN,NaN,63.216894547563676,NaN,NaN,NaN,0.88269975,0.96177075,NaN,NaN,NaN,NaN,NaN,NaN,NaN,NaN,NaN,NaN,1,0,0,0,0,NaN,NaN,63.216894547563676,NaN,NaN,NaN,0.88269975,0.96177075,NaN,NaN,NaN,NaN,NaN,NaN,NaN,NaN,NaN,NaN,1
2024-08-07,0.90565460764312,0.9103,0.838,0.868825,0.9356085579769821,1.2528842977883603,0.868825,0,0,NaN,191,0,0,0,0,NaN,NaN,62.1680132787323,NaN,NaN,NaN,0.868825,0.96177075,NaN,NaN,NaN,NaN,NaN,NaN,NaN,NaN,NaN,NaN,1,0,0,0,0,NaN,NaN,62.1680132787323,NaN,NaN,NaN,0.868825,0.96177075,NaN,NaN,NaN,NaN,NaN,NaN,NaN,NaN,NaN,NaN,1
2024-08-08,0.88723980382156,0.88723980382156,0.7873,0.8357500000000001,0.9174524565266217,1.2465158352267058,0.8357500000000001,0,0,NaN,192,0,0,0,0,NaN,NaN,61.700622734369105,NaN,NaN,NaN,0.8357500000000001,0.9479506275,NaN,NaN,NaN,NaN,NaN,NaN,NaN,NaN,NaN,NaN,1,0,0,0,0,NaN,NaN,61.700622734369105,NaN,NaN,NaN,0.8357500000000001,0.9479506275,NaN,NaN,NaN,NaN,NaN,NaN,NaN,NaN,NaN,NaN,1
2024-08-09,0.86149490191078,1,0.86149490191078,0.9420005,0.921915737158145,1.2418667461392752,0.9420005000000001,0,0,NaN,193,0,0,0,0,NaN,NaN,59.87089815035856,NaN,NaN,NaN,0.9420005,0.9479506275,NaN,NaN,NaN,NaN,NaN,NaN,NaN,NaN,NaN,NaN,1,0,0,0,0,NaN,NaN,59.87089815035856,NaN,NaN,NaN,0.9420005,0.9479506275,NaN,NaN,NaN,NaN,NaN,NaN,NaN,NaN,NaN,NaN,1
2024-08-12,0.90174770095539,1.05,0.90174770095539,0.9975,0.9356583304021187,1.2381359561218817,0.9975000000000002,0,0,NaN,194,0,0,0,0,NaN,NaN,56.879836971300875,NaN,NaN,NaN,0.9975,0.9479506275,NaN,NaN,NaN,NaN,NaN,NaN,NaN,NaN,NaN,NaN,1,0,0,0,0,NaN,NaN,56.879836971300875,NaN,NaN,NaN,0.9975,0.9479506275,NaN,NaN,NaN,NaN,NaN,NaN,NaN,NaN,NaN,NaN,1
2024-08-13,0.949623850477695,1.1,0.949623850477695,1.0349249999999999,0.9537068157835517,1.2350334987765095,1.0349249999999999,0,0,NaN,195,0,0,0,0,NaN,NaN,53.23472329179716,NaN,NaN,NaN,1.0349249999999999,0.9479506275,NaN,NaN,NaN,NaN,NaN,NaN,NaN,NaN,NaN,NaN,1,0,0,0,0,NaN,NaN,53.23472329179716,NaN,NaN,NaN,1.0349249999999999,0.9479506275,NaN,NaN,NaN,NaN,NaN,NaN,NaN,NaN,NaN,NaN,1